Year,Neighborhood,Case_Count,Median_Latitude,Median_Longitude
2008,Alamo Square,88,37.775396349999994,-122.4358902
2008,Anza Vista,20,37.781188965,-122.44121933
2008,Apparel City,31,37.73786163,-122.4043045
2008,Aquatic Park / Ft. Mason,35,37.80549622,-122.4220047
2008,Ashbury Heights,34,37.76319885,-122.449363705
2008,Balboa Terrace,5,37.7300148,-122.46647644
2008,Bayview,488,37.73399353,-122.388896945
2008,Bernal Heights,588,37.743303295000004,-122.41828156
2008,Bret Harte,171,37.72087479,-122.3935318
2008,Buena Vista,119,37.77125931,-122.44054413
2008,Candlestick Point SRA,14,37.71615601,-122.38813019
2008,Castro,312,37.76267242,-122.434101105
2008,Cathedral Hill,151,37.78286743,-122.4226532
2008,Cayuga,183,37.72109604,-122.43968964
2008,Central Waterfront,127,37.75150299,-122.38976288
2008,Chinatown,118,37.794002535000004,-122.40701294
2008,Civic Center,236,37.777944565,-122.419498445
2008,Clarendon Heights,37,37.75680542,-122.44639587
2008,Cole Valley,63,37.76795959,-122.45014954
2008,Corona Heights,80,37.763441085,-122.43627167
2008,Cow Hollow,45,37.7984581,-122.44406128
2008,Crocker Amazon,217,37.71224213,-122.4395752
2008,Diamond Heights,27,37.74327469,-122.43768311
2008,Dogpatch,57,37.76042557,-122.38948822
2008,Dolores Heights,225,37.75507355,-122.4241333
2008,Downtown / Union Square,206,37.78822136,-122.406562805
2008,Duboce Triangle,539,37.76961517,-122.43058014
2008,Eureka Valley,125,37.75940704,-122.44001007
2008,Excelsior,524,37.722446445,-122.43207931500001
2008,Fairmount,77,37.73980331,-122.42661285
2008,Financial District,93,37.79184341,-122.40005493
2008,Fisherman's Wharf,37,37.8061409,-122.41524506
2008,Forest Hill,17,37.74839401,-122.46333313
2008,Forest Knolls,27,37.75702667,-122.45802307
2008,Glen Park,51,37.73576736,-122.43480682
2008,Golden Gate Heights,135,37.7543869,-122.47177887
2008,Golden Gate Park,146,37.77217865,-122.48419189
2008,Haight Ashbury,159,37.77030563,-122.4475708
2008,Hayes Valley,282,37.77583313,-122.427253725
2008,Holly Park,191,37.73740768,-122.42355347
2008,Hunters Point,131,37.72792435,-122.3812027
2008,India Basin,20,37.73216248,-122.37578583
2008,Ingleside,141,37.72163391,-122.45818329
2008,Ingleside Terraces,31,37.72505951,-122.46774292
2008,Inner Richmond,708,37.78170395,-122.46958923
2008,Inner Sunset,161,37.76329803,-122.46718597
2008,Japantown,53,37.78578568,-122.43120575
2008,Laguna Honda,17,37.74304962,-122.45767212
2008,Lake Street,33,37.78551102,-122.48166656
2008,Lakeshore,16,37.729642865,-122.49279785
2008,Laurel Heights / Jordan Park,51,37.7835083,-122.45249176
2008,Lincoln Park / Ft. Miley,1,37.77841568,-122.51443481
2008,Little Hollywood,25,37.71065903,-122.39942169
2008,Lone Mountain,96,37.778266904999995,-122.4500885
2008,Lower Haight,458,37.772798535,-122.43043518
2008,Lower Nob Hill,525,37.78859711,-122.41518402
2008,Lower Pacific Heights,128,37.785776135000006,-122.44172668
2008,Marina,180,37.801733014999996,-122.43717194
2008,McLaren Park,28,37.72180939,-122.41648102
2008,Merced Heights,134,37.71218872,-122.46702576
2008,Merced Manor,26,37.73245621,-122.4749527
2008,Midtown Terrace,18,37.75135994,-122.451583865
2008,Mint Hill,90,37.77104568,-122.42468262
2008,Miraloma Park,52,37.74065399,-122.45072555499999
2008,Mission,2047,37.75951385,-122.41622925
2008,Mission Bay,39,37.77333832,-122.3938446
2008,Mission Dolores,840,37.763772965,-122.42447662
2008,Mission Terrace,331,37.72963333,-122.43138885
2008,Monterey Heights,1,37.73412323,-122.46311188
2008,Mt. Davidson Manor,19,37.72640991,-122.46190643
2008,Nob Hill,595,37.79388809,-122.41343689
2008,Noe Valley,187,37.74637222,-122.42855835
2008,North Beach,300,37.79990005,-122.408721925
2008,Northern Waterfront,38,37.79979706,-122.40065384
2008,Oceanview,195,37.71611023,-122.45523071
2008,Outer Mission,114,37.7107296,-122.4519577
2008,Outer Richmond,702,37.779270170000004,-122.48593903
2008,Outer Sunset,697,37.75744629,-122.49604797
2008,Pacific Heights,210,37.79126358,-122.42877960499999
2008,Panhandle,248,37.77469635,-122.44258118
2008,Parkmerced,5,37.71469498,-122.48522949
2008,Parkside,225,37.74266052,-122.485466
2008,Parnassus Heights,44,37.76451111,-122.45405579
2008,Peralta Heights,48,37.748277665,-122.40676117
2008,Polk Gulch,248,37.79325867,-122.42111206
2008,Portola,488,37.729852675000004,-122.40727997
2008,Potrero Hill,302,37.75509644,-122.40141678
2008,Presidio Heights,23,37.78810883,-122.45194244
2008,Presidio National Park,1,37.80085754,-122.45452881
2008,Presidio Terrace,58,37.786663055000005,-122.46473694
2008,Produce Market,127,37.7430954,-122.39857483
2008,Rincon Hill,38,37.78662872,-122.3939209
2008,Russian Hill,379,37.80014038,-122.41524506
2008,Seacliff,46,37.78401566,-122.48734283499999
2008,Sherwood Forest,12,37.73772812,-122.458400725
2008,Showplace Square,64,37.76870728,-122.403961185
2008,Silver Terrace,245,37.73407364,-122.39841461
2008,South Beach,65,37.7816925,-122.39329529
2008,South of Market,1612,37.77759933,-122.40969086
2008,St. Francis Wood,7,37.74004745,-122.46374512
2008,St. Mary's Park,68,37.7336731,-122.426086425
2008,Stonestown,30,37.726840975,-122.47521973
2008,Sunnydale,19,37.70965576,-122.42063141
2008,Sunnyside,69,37.73153687,-122.44618988
2008,Sutro Heights,23,37.77886581,-122.50709534
2008,Telegraph Hill,95,37.80103683,-122.40620422
2008,Tenderloin,648,37.78388977,-122.41439819
2008,Treasure Island,1,37.82487488,-122.36978912
2008,Union Street,269,37.79869461,-122.42919159
2008,University Mound,59,37.72804642,-122.419487
2008,Upper Market,65,37.75107193,-122.44334412
2008,Visitacion Valley,221,37.7113266,-122.41223145
2008,West Portal,29,37.74142456,-122.46916199
2008,Western Addition,238,37.778533935,-122.43870544
2008,Westwood Highlands,4,37.73265648,-122.45515442
2008,Westwood Park,17,37.72758865,-122.45822144
2008,Yerba Buena Island,1,37.81322479,-122.37103271
2009,Alamo Square,173,37.77541733,-122.43564606
2009,Anza Vista,53,37.78131104,-122.44008636
2009,Apparel City,87,37.73899078,-122.4050293
2009,Aquatic Park / Ft. Mason,41,37.80567932,-122.4220047
2009,Ashbury Heights,62,37.76402664,-122.44931030500001
2009,Balboa Terrace,11,37.73078537,-122.46657562
2009,Bayview,1446,37.7318573,-122.38885498
2009,Bernal Heights,986,37.742753985,-122.418621065
2009,Bret Harte,412,37.720178605,-122.39149475
2009,Buena Vista,174,37.770414349999996,-122.44029617
2009,Candlestick Point SRA,18,37.71116257,-122.38645172
2009,Castro,459,37.76200485,-122.43458557
2009,Cathedral Hill,260,37.785490034999995,-122.42302704
2009,Cayuga,453,37.72052765,-122.44047546
2009,Central Waterfront,218,37.751543045000005,-122.38973236
2009,Chinatown,324,37.79421997,-122.406261445
2009,Civic Center,640,37.77856827,-122.41855621
2009,Clarendon Heights,66,37.75675201,-122.44506073
2009,Cole Valley,146,37.767692565,-122.45001984
2009,Corona Heights,94,37.76467514,-122.43607711499999
2009,Cow Hollow,79,37.79832458,-122.44264984
2009,Crocker Amazon,384,37.71281433,-122.43940735
2009,Diamond Heights,37,37.74281693,-122.43865967
2009,Dogpatch,101,37.76036072,-122.38925171
2009,Dolores Heights,505,37.75502777,-122.42466736
2009,Downtown / Union Square,283,37.78777313,-122.40591431
2009,Duboce Triangle,844,37.77035141,-122.4302597
2009,Eureka Valley,276,37.75981712,-122.43991852
2009,Excelsior,1198,37.721431734999996,-122.4328537
2009,Fairmount,101,37.73962784,-122.42715454
2009,Financial District,166,37.791490555,-122.40048218
2009,Fisherman's Wharf,59,37.80613327,-122.41409302
2009,Forest Hill,33,37.74882889,-122.46349335
2009,Forest Knolls,42,37.75521851,-122.459228515
2009,Glen Park,129,37.73457718,-122.43473816
2009,Golden Gate Heights,283,37.7543335,-122.47325897
2009,Golden Gate Park,267,37.77217865,-122.48475647
2009,Haight Ashbury,363,37.77021027,-122.44876862
2009,Hayes Valley,412,37.77583313,-122.42706298499999
2009,Holly Park,326,37.73740768,-122.4237442
2009,Hunters Point,341,37.7278595,-122.38200378
2009,India Basin,47,37.73335648,-122.37582397
2009,Ingleside,346,37.72184372,-122.45802307
2009,Ingleside Terraces,47,37.72505951,-122.46421814
2009,Inner Richmond,1387,37.78097153,-122.46884155
2009,Inner Sunset,404,37.763912205,-122.46652985
2009,Japantown,73,37.78639221,-122.43091583
2009,Laguna Honda,24,37.743412015000004,-122.457660675
2009,Lake Street,102,37.785085679999995,-122.48176575
2009,Lakeshore,52,37.72973442,-122.49427795
2009,Laurel Heights / Jordan Park,94,37.78395081,-122.4521637
2009,Lincoln Park / Ft. Miley,5,37.77841568,-122.51443481
2009,Little Hollywood,72,37.71218109,-122.40001678
2009,Lone Mountain,240,37.77765274,-122.45284271
2009,Lower Haight,977,37.77241898,-122.43043518
2009,Lower Nob Hill,1119,37.78794861,-122.41665649
2009,Lower Pacific Heights,265,37.78607941,-122.44153595
2009,Marina,372,37.80121613,-122.43727112
2009,McLaren Park,31,37.72145844,-122.41246796
2009,Merced Heights,261,37.71165466,-122.46709442
2009,Merced Manor,29,37.73227692,-122.47592926
2009,Midtown Terrace,25,37.74691391,-122.44786835
2009,Mint Hill,221,37.77136612,-122.42482758
2009,Miraloma Park,77,37.74244308,-122.45098877
2009,Mission,4650,37.75923729,-122.4167099
2009,Mission Bay,77,37.77357483,-122.3938446
2009,Mission Dolores,1538,37.76354599,-122.42502594
2009,Mission Terrace,708,37.729242325,-122.43256378
2009,Monterey Heights,7,37.73383331,-122.46268463
2009,Mt. Davidson Manor,32,37.7261734,-122.46296692
2009,Nob Hill,986,37.79366684,-122.41464996
2009,Noe Valley,298,37.74644852,-122.42880249
2009,North Beach,673,37.79998398,-122.40802765
2009,Northern Waterfront,37,37.79930115,-122.40058136
2009,Oceanview,303,37.71611023,-122.4552002
2009,Outer Mission,244,37.71047974,-122.45203018
2009,Outer Richmond,1690,37.77968979,-122.48794556
2009,Outer Sunset,1369,37.75669479,-122.49628448
2009,Pacific Heights,399,37.79129791,-122.42909241
2009,Panhandle,441,37.77476501,-122.44290924
2009,Parkmerced,8,37.715694424999995,-122.47761535500001
2009,Parkside,485,37.74253082,-122.48748016
2009,Parnassus Heights,60,37.76508522,-122.454216
2009,Peralta Heights,79,37.74762344,-122.40705109
2009,Polk Gulch,910,37.7923851,-122.42105103
2009,Portola,1034,37.7297554,-122.40681458
2009,Potrero Hill,555,37.75468063,-122.40255737
2009,Presidio Heights,73,37.78713608,-122.45297241
2009,Presidio National Park,1,37.79586792,-122.45478058
2009,Presidio Terrace,133,37.7857399,-122.46456909
2009,Produce Market,278,37.7427063,-122.39912415
2009,Rincon Hill,69,37.78633118,-122.3920517
2009,Russian Hill,665,37.80003357,-122.41497803
2009,Seacliff,97,37.78368759,-122.48928833
2009,Sherwood Forest,19,37.74013901,-122.45777893
2009,Showplace Square,206,37.76864624,-122.40545654
2009,Silver Terrace,694,37.73448181,-122.39781189
2009,South Beach,103,37.78123474,-122.39329529
2009,South of Market,3295,37.77801132,-122.40899658
2009,St. Francis Wood,7,37.73923492,-122.46611023
2009,St. Mary's Park,130,37.733924869999996,-122.42735291
2009,Stonestown,59,37.72105789,-122.47521973
2009,Sunnydale,59,37.71001434,-122.41931152
2009,Sunnyside,149,37.7313652,-122.44625854
2009,Sutro Heights,56,37.778965,-122.505607605
2009,Telegraph Hill,137,37.80098724,-122.40620422
2009,Tenderloin,3236,37.78393173,-122.41418457
2009,Union Street,296,37.799129485,-122.42929077
2009,University Mound,107,37.72855377,-122.42037201
2009,Upper Market,116,37.75064087,-122.442890165
2009,Visitacion Valley,616,37.71193314,-122.40822601
2009,West Portal,108,37.74041748,-122.46813202
2009,Western Addition,459,37.77830124,-122.43882751
2009,Westwood Highlands,3,37.73218918,-122.45747375
2009,Westwood Park,35,37.72580719,-122.45633698
2010,Alamo Square,147,37.77499008,-122.43631744
2010,Anza Vista,63,37.78085709,-122.44056702
2010,Apparel City,85,37.7395668,-122.40524292
2010,Aquatic Park / Ft. Mason,36,37.80545807,-122.42144012
2010,Ashbury Heights,76,37.763996125,-122.449207305
2010,Balboa Terrace,8,37.73155594,-122.466682435
2010,Bayview,1924,37.73150253,-122.38885498
2010,Bernal Heights,1164,37.74277115,-122.41822052
2010,Bret Harte,320,37.72097778,-122.39167022500001
2010,Buena Vista,167,37.77051163,-122.43854523
2010,Candlestick Point SRA,29,37.71796036,-122.39261627
2010,Castro,375,37.76219177,-122.43453979
2010,Cathedral Hill,286,37.78780365,-122.423545835
2010,Cayuga,521,37.72001648,-122.4413147
2010,Central Waterfront,247,37.75002289,-122.38941193
2010,Chinatown,271,37.79392624,-122.40665436
2010,Civic Center,740,37.778455735,-122.4187088
2010,Clarendon Heights,65,37.75727463,-122.44496155
2010,Cole Valley,197,37.76815796,-122.44932556
2010,Corona Heights,96,37.76410294,-122.43685913
2010,Cow Hollow,89,37.79829407,-122.44413757
2010,Crocker Amazon,455,37.71234894,-122.4395752
2010,Diamond Heights,54,37.74316025,-122.43872833500001
2010,Dogpatch,94,37.76176453,-122.3894043
2010,Dolores Heights,492,37.75542068,-122.4241333
2010,Downtown / Union Square,431,37.78873062,-122.40686798
2010,Duboce Triangle,824,37.77070999,-122.4302597
2010,Eureka Valley,225,37.75940704,-122.44001007
2010,Excelsior,1076,37.72151947,-122.431633
2010,Fairmount,143,37.73874664,-122.42724609
2010,Financial District,203,37.79101563,-122.39800262
2010,Fisherman's Wharf,43,37.80634308,-122.41194916
2010,Forest Hill,39,37.74907303,-122.4626236
2010,Forest Knolls,49,37.75761795,-122.46182251
2010,Glen Park,113,37.73450851,-122.43499756
2010,Golden Gate Heights,262,37.75303459,-122.47206879
2010,Golden Gate Park,224,37.771787645,-122.48154449
2010,Haight Ashbury,519,37.76986313,-122.44857788
2010,Hayes Valley,331,37.77578735,-122.42617035
2010,Holly Park,303,37.73740768,-122.4237442
2010,Hunters Point,293,37.72742844,-122.38193512
2010,India Basin,50,37.73361588,-122.37697601
2010,Ingleside,435,37.72183609,-122.45819092
2010,Ingleside Terraces,66,37.72548294,-122.46421814
2010,Inner Richmond,980,37.7809391,-122.46871185
2010,Inner Sunset,557,37.76362228,-122.46720886
2010,Japantown,84,37.78672409,-122.430839535
2010,Laguna Honda,35,37.7441597,-122.45644379
2010,Lake Street,85,37.78547287,-122.48058319
2010,Lakeshore,49,37.73056793,-122.49372101
2010,Laurel Heights / Jordan Park,86,37.78373718,-122.45340729
2010,Little Hollywood,47,37.71212769,-122.40001678
2010,Lone Mountain,253,37.78075027,-122.45025635
2010,Lower Haight,931,37.77235031,-122.43043518
2010,Lower Nob Hill,1300,37.78799438,-122.41539001
2010,Lower Pacific Heights,298,37.785943985,-122.44123077
2010,Marina,287,37.80165482,-122.43669128
2010,McLaren Park,25,37.72145844,-122.41246796
2010,Merced Heights,278,37.71218872,-122.46707153
2010,Merced Manor,38,37.732501985,-122.4767952
2010,Midtown Terrace,38,37.748384475,-122.44970703
2010,Mint Hill,152,37.77159119,-122.42485046
2010,Miraloma Park,77,37.74065399,-122.45113373
2010,Mission,4139,37.75883102,-122.41719055
2010,Mission Bay,73,37.77357483,-122.39557648
2010,Mission Dolores,1385,37.76304245,-122.42478943
2010,Mission Terrace,847,37.72961807,-122.43256378
2010,Monterey Heights,7,37.7351799,-122.46047974
2010,Mt. Davidson Manor,42,37.72612381,-122.461597445
2010,Nob Hill,1015,37.7935257,-122.41338348
2010,Noe Valley,531,37.7510643,-122.43164063
2010,North Beach,468,37.80025101,-122.40789795
2010,Northern Waterfront,43,37.79948807,-122.40006256
2010,Oceanview,390,37.71575928,-122.45606232
2010,Outer Mission,400,37.70967484,-122.46018219
2010,Outer Richmond,1528,37.77968979,-122.4876709
2010,Outer Sunset,1396,37.75740051,-122.4967041
2010,Pacific Heights,367,37.79092026,-122.43131256
2010,Panhandle,482,37.77474594,-122.44275665
2010,Parkmerced,15,37.72052002,-122.48174286
2010,Parkside,573,37.74238968,-122.48725128
2010,Parnassus Heights,94,37.7654686,-122.454216
2010,Peralta Heights,108,37.747505185,-122.40751648
2010,Polk Gulch,501,37.79259491,-122.42093658
2010,Portola,1174,37.72943115,-122.40676117
2010,Potrero Hill,509,37.75551987,-122.40216827
2010,Presidio Heights,57,37.78781509,-122.45011902
2010,Presidio National Park,2,37.807426455,-122.47298431
2010,Presidio Terrace,88,37.78565979,-122.46456909
2010,Produce Market,263,37.7429657,-122.39912415
2010,Rincon Hill,50,37.786300659999995,-122.39096832
2010,Russian Hill,697,37.79990387,-122.41509247
2010,Seacliff,103,37.78368759,-122.48928833
2010,Sherwood Forest,29,37.737854,-122.4588089
2010,Showplace Square,196,37.76847458,-122.40570831
2010,Silver Terrace,874,37.73503876,-122.39594269
2010,South Beach,103,37.78123474,-122.39212036
2010,South of Market,3639,37.77761841,-122.40926361
2010,St. Francis Wood,17,37.73830414,-122.46524048
2010,St. Mary's Park,263,37.73457718,-122.42635345
2010,Stonestown,38,37.72557259,-122.474876405
2010,Sunnydale,57,37.70968246,-122.420578
2010,Sunnyside,176,37.73139954,-122.44490051
2010,Sutro Heights,52,37.778965,-122.508232115
2010,Telegraph Hill,173,37.8010025,-122.40634155
2010,Tenderloin,3785,37.78388214,-122.41402435
2010,Treasure Island,3,37.82855988,-122.36919403
2010,Union Street,316,37.7989502,-122.43082428
2010,University Mound,117,37.72855377,-122.419487
2010,Upper Market,135,37.75050354,-122.44352722
2010,Visitacion Valley,746,37.71160889,-122.41083907999999
2010,West Portal,70,37.74037743,-122.469108585
2010,Western Addition,479,37.7787323,-122.43836212
2010,Westwood Highlands,3,37.73246384,-122.45425415
2010,Westwood Park,47,37.72488785,-122.45655823
2011,Alamo Square,260,37.77489853,-122.43585205
2011,Anza Vista,60,37.780788425,-122.44114685
2011,Apparel City,128,37.73860931,-122.404930115
2011,Aquatic Park / Ft. Mason,40,37.80522919,-122.42111588
2011,Ashbury Heights,70,37.763328555,-122.44938278000001
2011,Balboa Terrace,3,37.73027039,-122.46837616
2011,Bayview,1544,37.731878280000004,-122.38917542
2011,Bernal Heights,1376,37.74302101000001,-122.41853333
2011,Bret Harte,301,37.72056198,-122.39163208
2011,Buena Vista,184,37.76997757,-122.43921661
2011,Candlestick Point SRA,36,37.71774292,-122.39261627
2011,Castro,259,37.76267242,-122.43307495
2011,Cathedral Hill,438,37.78568649,-122.42359161
2011,Cayuga,408,37.71956444,-122.44300079
2011,Central Waterfront,303,37.74900436,-122.38973236
2011,Chinatown,296,37.793926240000005,-122.40697097500001
2011,Civic Center,892,37.77802277,-122.41924667
2011,Clarendon Heights,78,37.75715256,-122.44673919499999
2011,Cole Valley,166,37.76816177,-122.44945526
2011,Corona Heights,91,37.76338577,-122.43727112
2011,Cow Hollow,119,37.79838562,-122.44246674
2011,Crocker Amazon,329,37.71199799,-122.44025421
2011,Diamond Heights,71,37.74282837,-122.43937683
2011,Dogpatch,96,37.760520935,-122.38951111
2011,Dolores Heights,636,37.75536728,-122.42356873
2011,Downtown / Union Square,746,37.78843689,-122.40659332
2011,Duboce Triangle,818,37.77050018,-122.4302597
2011,Eureka Valley,253,37.759552,-122.43949127
2011,Excelsior,1081,37.72213364,-122.43205261
2011,Fairmount,140,37.73925209,-122.42715454
2011,Financial District,224,37.791242600000004,-122.39979553
2011,Fisherman's Wharf,36,37.80613327,-122.41334152
2011,Forest Hill,39,37.75006485,-122.46248627
2011,Forest Knolls,50,37.75704193,-122.460292815
2011,Glen Park,111,37.73485565,-122.43462372
2011,Golden Gate Heights,273,37.75301743,-122.4728775
2011,Golden Gate Park,302,37.77183533,-122.48419189
2011,Haight Ashbury,371,37.77013779,-122.44741821
2011,Hayes Valley,539,37.77579498,-122.42645264
2011,Holly Park,398,37.73740768,-122.42383575
2011,Hunters Point,222,37.728549955,-122.37943268
2011,India Basin,40,37.73279953,-122.37582397
2011,Ingleside,485,37.7218399,-122.45716858
2011,Ingleside Terraces,53,37.7252655,-122.46491241
2011,Inner Richmond,1079,37.78082275,-122.46815491
2011,Inner Sunset,521,37.76361084,-122.46795654
2011,Japantown,124,37.78639221,-122.43145752000001
2011,Laguna Honda,35,37.74431229,-122.45917511
2011,Lake Street,91,37.78497314,-122.48091125
2011,Lakeshore,59,37.73071671,-122.49346924
2011,Laurel Heights / Jordan Park,96,37.783943175000005,-122.4521637
2011,Lincoln Park / Ft. Miley,4,37.784952165,-122.499378205
2011,Little Hollywood,69,37.71218109,-122.40001678
2011,Lone Mountain,263,37.77752304,-122.45111847
2011,Lower Haight,1240,37.77238083,-122.43043518
2011,Lower Nob Hill,1385,37.7883873,-122.41529083
2011,Lower Pacific Heights,310,37.78608704,-122.440502165
2011,Marina,438,37.801990505,-122.43624878
2011,McLaren Park,38,37.72266006,-122.41444397000001
2011,Merced Heights,360,37.712013245,-122.46707153
2011,Merced Manor,44,37.73247528,-122.47655105499999
2011,Midtown Terrace,39,37.74825668,-122.44944763
2011,Mint Hill,196,37.771053315,-122.42485046
2011,Miraloma Park,81,37.7412262,-122.45162201
2011,Mission,4989,37.76015091,-122.4172821
2011,Mission Bay,154,37.77311516,-122.39635468
2011,Mission Dolores,2212,37.76324463,-122.42440796
2011,Mission Terrace,875,37.72937393,-122.43405151
2011,Monterey Heights,8,37.733751295000005,-122.460414885
2011,Mt. Davidson Manor,43,37.72622681,-122.46147919
2011,Nob Hill,1309,37.79301453,-122.41464233
2011,Noe Valley,535,37.7492218,-122.43087769
2011,North Beach,830,37.800247195,-122.40739441
2011,Northern Waterfront,53,37.79930115,-122.40058136
2011,Oceanview,438,37.7157917,-122.45604706
2011,Outer Mission,649,37.70965576,-122.46114349
2011,Outer Richmond,1496,37.77978516,-122.4872818
2011,Outer Sunset,1684,37.757511135,-122.49711609
2011,Pacific Heights,527,37.79128265,-122.43009949
2011,Panhandle,488,37.77477646,-122.4429245
2011,Parkmerced,10,37.71717453,-122.473899845
2011,Parkside,537,37.74156952,-122.48841858
2011,Parnassus Heights,85,37.76533508,-122.45359039
2011,Peralta Heights,132,37.74714279,-122.40788269
2011,Polk Gulch,495,37.79325867,-122.42076874
2011,Portola,1881,37.72941971,-122.40676117
2011,Potrero Hill,691,37.75482559,-122.40260315
2011,Presidio Heights,71,37.78818512,-122.44942474
2011,Presidio National Park,3,37.79493713,-122.4690094
2011,Presidio Terrace,80,37.785518644999996,-122.464546205
2011,Produce Market,253,37.74326324,-122.39912415
2011,Rincon Hill,72,37.78647232,-122.39344788
2011,Russian Hill,747,37.79949951,-122.41612244
2011,Seacliff,112,37.78368759,-122.48928833
2011,Sherwood Forest,16,37.73851776,-122.457805635
2011,Showplace Square,363,37.76902771,-122.40583038
2011,Silver Terrace,947,37.73456955,-122.395401
2011,South Beach,71,37.78121948,-122.39076996
2011,South of Market,4222,37.77761841,-122.40882874
2011,St. Francis Wood,15,37.73955536,-122.46374512
2011,St. Mary's Park,275,37.73432159,-122.4263916
2011,Stonestown,22,37.72241402,-122.47521973
2011,Sunnydale,75,37.70969391,-122.41931152
2011,Sunnyside,259,37.73032761,-122.4442749
2011,Sutro Heights,97,37.77915955,-122.50630188
2011,Telegraph Hill,160,37.80098724,-122.40620422
2011,Tenderloin,4583,37.78384781,-122.41410065
2011,Treasure Island,2,37.82640839,-122.36883926499999
2011,Union Street,407,37.7990799,-122.42989349
2011,University Mound,221,37.72819138,-122.41938782
2011,Upper Market,185,37.75093842,-122.44278717
2011,Visitacion Valley,794,37.71165466,-122.41146851
2011,West Portal,72,37.74085236,-122.4702301
2011,Western Addition,458,37.778663635,-122.43847656
2011,Westwood Highlands,4,37.73118591,-122.45690917499999
2011,Westwood Park,40,37.72758865,-122.456424715
2012,Alamo Square,248,37.775804519999994,-122.43514252
2012,Anza Vista,61,37.78065109,-122.44114685
2012,Apparel City,126,37.73905945,-122.405433655
2012,Aquatic Park / Ft. Mason,31,37.80572128,-122.42102814
2012,Ashbury Heights,72,37.76312637,-122.44910430499999
2012,Balboa Terrace,12,37.73171616,-122.467350005
2012,Bayview,1811,37.73479843,-122.38998413
2012,Bernal Heights,1240,37.7436924,-122.41822052
2012,Bret Harte,311,37.72034836,-122.39241791
2012,Buena Vista,194,37.77034378,-122.4412384
2012,Candlestick Point SRA,30,37.71069527,-122.39269257
2012,Castro,251,37.76237869,-122.43471527
2012,Cathedral Hill,431,37.78408432,-122.42350006
2012,Cayuga,350,37.71954918,-122.44165039
2012,Central Waterfront,257,37.74900436,-122.38973236
2012,Chinatown,256,37.79389572,-122.40683746
2012,Civic Center,1094,37.77772141,-122.41949463
2012,Clarendon Heights,73,37.75715256,-122.44506836
2012,Cole Valley,136,37.76738358,-122.44948578
2012,Corona Heights,68,37.76405144,-122.43685913
2012,Cow Hollow,93,37.79814529,-122.44156647
2012,Crocker Amazon,348,37.712110519999996,-122.43919373
2012,Diamond Heights,58,37.74361038,-122.43768311
2012,Dogpatch,139,37.76055145,-122.38948822
2012,Dolores Heights,616,37.7555275,-122.42428589
2012,Downtown / Union Square,388,37.78869247,-122.40640259
2012,Duboce Triangle,636,37.7702446,-122.4302597
2012,Eureka Valley,284,37.75924683,-122.439186095
2012,Excelsior,969,37.72275162,-122.43125153
2012,Fairmount,144,37.740671160000005,-122.42684937
2012,Financial District,211,37.79163361,-122.39894867
2012,Fisherman's Wharf,69,37.806427,-122.41416168
2012,Forest Hill,49,37.75117874,-122.46152496
2012,Forest Knolls,37,37.75761795,-122.46276093
2012,Glen Park,97,37.73485565,-122.43507385
2012,Golden Gate Heights,298,37.75415039,-122.47177887
2012,Golden Gate Park,311,37.77183533,-122.48154449
2012,Haight Ashbury,556,37.77021027,-122.44732666
2012,Hayes Valley,535,37.77579498,-122.4262619
2012,Holly Park,466,37.73740768,-122.4239502
2012,Hunters Point,323,37.72700882,-122.38237762
2012,India Basin,25,37.74019241,-122.37741852
2012,Ingleside,362,37.721660615000005,-122.45832825
2012,Ingleside Terraces,56,37.72543907,-122.46750641
2012,Inner Richmond,1146,37.780582429999995,-122.46772766
2012,Inner Sunset,580,37.76360703,-122.46725464
2012,Japantown,103,37.78728104,-122.43035889
2012,Laguna Honda,32,37.745531084999996,-122.458499905
2012,Lake Street,94,37.78501129,-122.48142242
2012,Lakeshore,43,37.73059082,-122.49372101
2012,Laurel Heights / Jordan Park,101,37.78382492,-122.45340729
2012,Lincoln Park / Ft. Miley,4,37.778814315000005,-122.51412200499999
2012,Little Hollywood,104,37.71218109,-122.399162295
2012,Lone Mountain,299,37.77793884,-122.45214081
2012,Lower Haight,1182,37.77271843,-122.43043518
2012,Lower Nob Hill,1213,37.78775406,-122.41467285
2012,Lower Pacific Heights,348,37.78575897,-122.44191742
2012,Marina,363,37.8021698,-122.43624115
2012,McLaren Park,47,37.72266006,-122.41417694
2012,Merced Heights,294,37.713157655,-122.46709442
2012,Merced Manor,34,37.73314285,-122.47418976
2012,Midtown Terrace,45,37.74949646,-122.45053101
2012,Mint Hill,217,37.77136993,-122.42485046
2012,Miraloma Park,73,37.74119949,-122.45113373
2012,Mission,5653,37.76143646,-122.41792297
2012,Mission Bay,133,37.7722702,-122.39665222
2012,Mission Dolores,2314,37.76316833,-122.42405701
2012,Mission Terrace,841,37.72977448,-122.43019104
2012,Monterey Heights,2,37.73352623,-122.46317673
2012,Mt. Davidson Manor,24,37.72636795,-122.462104795
2012,Nob Hill,1198,37.79317856,-122.41438293
2012,Noe Valley,433,37.74769592,-122.42919159
2012,North Beach,742,37.8001976,-122.40739441
2012,Northern Waterfront,44,37.79953003,-122.40105438
2012,Oceanview,591,37.71529007,-122.45609283
2012,Outer Mission,569,37.70967865,-122.45767212
2012,Outer Richmond,1341,37.77852631,-122.48808289
2012,Outer Sunset,1742,37.75730515,-122.49634933499999
2012,Pacific Heights,524,37.79129219,-122.42928314
2012,Panhandle,566,37.77457428,-122.4430542
2012,Parkmerced,9,37.71717453,-122.48105621
2012,Parkside,489,37.74222183,-122.48957825
2012,Parnassus Heights,72,37.76523209,-122.45449829
2012,Peralta Heights,193,37.74736786,-122.40696716
2012,Polk Gulch,452,37.79281235,-122.420398715
2012,Portola,1833,37.72883606,-122.40621185
2012,Potrero Hill,602,37.75509644,-122.401592255
2012,Presidio Heights,77,37.78759384,-122.45011902
2012,Presidio National Park,7,37.79706573,-122.45739746
2012,Presidio Terrace,94,37.785991665,-122.46456909
2012,Produce Market,283,37.74326706,-122.39888
2012,Rincon Hill,85,37.78683472,-122.39096832
2012,Russian Hill,743,37.7996788,-122.41529083
2012,Seacliff,66,37.78368759,-122.49036407
2012,Sherwood Forest,26,37.73770714,-122.458774565
2012,Showplace Square,420,37.76902771,-122.40570831
2012,Silver Terrace,924,37.73503876,-122.39417267
2012,South Beach,88,37.78194046,-122.39329529
2012,South of Market,3941,37.77666092,-122.40968323
2012,St. Francis Wood,10,37.73945999,-122.46374512
2012,St. Mary's Park,256,37.73426056,-122.4259491
2012,Stonestown,44,37.723653795,-122.47333144999999
2012,Sunnydale,77,37.70968246,-122.4203186
2012,Sunnyside,229,37.73072052,-122.44432068
2012,Sutro Heights,68,37.778991700000006,-122.50605774
2012,Telegraph Hill,194,37.80078506,-122.40628815
2012,Tenderloin,4833,37.78377914,-122.41386414
2012,Treasure Island,1,37.8258934,-122.37514496
2012,Union Street,419,37.7989502,-122.43131256
2012,University Mound,198,37.728033065,-122.41938019
2012,Upper Market,135,37.75077438,-122.44278717
2012,Visitacion Valley,710,37.7125473,-122.40792847
2012,West Portal,73,37.7408905,-122.47011566
2012,Western Addition,578,37.778593064999995,-122.43870544
2012,Westwood Highlands,7,37.73164749,-122.45451355
2012,Westwood Park,27,37.72871399,-122.45615387
2012,Yerba Buena Island,2,37.810430530000005,-122.36125183
2013,Alamo Square,199,37.77564621,-122.43572998
2013,Anza Vista,80,37.78085899,-122.44095612
2013,Apparel City,121,37.73917389,-122.40560913
2013,Aquatic Park / Ft. Mason,45,37.80549622,-122.4220047
2013,Ashbury Heights,81,37.76330948,-122.44915009
2013,Balboa Terrace,16,37.73020741,-122.46669323
2013,Bayview,1717,37.7348227,-122.38941956
2013,Bernal Heights,1577,37.74374831,-122.41822052
2013,Bret Harte,419,37.72034836,-122.39335632
2013,Buena Vista,293,37.77063751,-122.43870544
2013,Candlestick Point SRA,40,37.71486473,-122.39160156
2013,Castro,444,37.76261902,-122.43307515
2013,Cathedral Hill,422,37.78505516,-122.42312478
2013,Cayuga,467,37.72034454,-122.4407196
2013,Central Waterfront,259,37.75002289,-122.39028931
2013,Chinatown,459,37.79395676,-122.40666199
2013,Civic Center,1588,37.77910639,-122.418151475
2013,Clarendon Heights,84,37.75734711,-122.444553375
2013,Cole Valley,149,37.76738358,-122.4499588
2013,Corona Heights,114,37.76421356,-122.43596649
2013,Cow Hollow,80,37.79838562,-122.440979
2013,Crocker Amazon,538,37.712982175,-122.44025421
2013,Diamond Heights,67,37.74361038,-122.43865967
2013,Dogpatch,156,37.76043701,-122.38938141
2013,Dolores Heights,754,37.755260895,-122.4253006
2013,Downtown / Union Square,430,37.788784715000006,-122.406414035
2013,Duboce Triangle,931,37.76977291,-122.4302597
2013,Eureka Valley,452,37.75928879,-122.43933511
2013,Excelsior,1004,37.72246552,-122.43174744
2013,Fairmount,160,37.739208239999996,-122.42697906
2013,Financial District,311,37.79146576,-122.3976059
2013,Fisherman's Wharf,96,37.80686188,-122.415607455
2013,Forest Hill,58,37.75079918,-122.46245575
2013,Forest Knolls,41,37.75714493,-122.46182251
2013,Glen Park,176,37.734422679999994,-122.43431004
2013,Golden Gate Heights,349,37.75212479,-122.47244263
2013,Golden Gate Park,332,37.77183533,-122.48154449
2013,Haight Ashbury,598,37.77013779,-122.44854736
2013,Hayes Valley,667,37.77578673,-122.42645264
2013,Holly Park,670,37.73740768,-122.42384338
2013,Hunters Point,267,37.72742462,-122.38193512
2013,India Basin,52,37.73368073,-122.37697601
2013,Ingleside,468,37.72169113,-122.45700073
2013,Ingleside Terraces,61,37.72537994,-122.46636963
2013,Inner Richmond,1672,37.78027344,-122.467788405
2013,Inner Sunset,671,37.76354599,-122.46751756
2013,Japantown,154,37.78578428,-122.431619555
2013,Laguna Honda,50,37.74438477,-122.45845413
2013,Lake Street,102,37.78497696,-122.48273468
2013,Lakeshore,52,37.73000336,-122.491989135
2013,Laurel Heights / Jordan Park,161,37.78401049,-122.45275116
2013,Lincoln Park / Ft. Miley,6,37.781134855000005,-122.507714765
2013,Little Hollywood,120,37.71218109,-122.40001678
2013,Lone Mountain,326,37.777786254999995,-122.452960365
2013,Lower Haight,1374,37.77238464,-122.43043518
2013,Lower Nob Hill,1647,37.78822327,-122.41549683
2013,Lower Pacific Heights,397,37.78545761,-122.44165039
2013,Marina,548,37.80165482,-122.43384170499999
2013,McLaren Park,74,37.72025299,-122.41532898
2013,Merced Heights,542,37.71289825,-122.466674805
2013,Merced Manor,53,37.73246765,-122.4749527
2013,Midtown Terrace,28,37.748163219999995,-122.44944763
2013,Mint Hill,307,37.7716459,-122.42513275
2013,Miraloma Park,88,37.740633009999996,-122.450009755
2013,Mission,8588,37.76050943,-122.41772461
2013,Mission Bay,112,37.7722702,-122.39557648
2013,Mission Dolores,2984,37.76415634,-122.423980655
2013,Mission Terrace,894,37.729933935,-122.43029390500001
2013,Monterey Heights,5,37.73434067,-122.4615097
2013,Mt. Davidson Manor,47,37.72588348,-122.46141052
2013,Nob Hill,1457,37.79312897,-122.41482544
2013,Noe Valley,578,37.74801254,-122.428874965
2013,North Beach,1034,37.79998398,-122.40769958
2013,Northern Waterfront,37,37.79930115,-122.39987946
2013,Oceanview,584,37.71578598,-122.45481491000001
2013,Outer Mission,540,37.71054459,-122.45246821500001
2013,Outer Richmond,1575,37.77851486,-122.48794866
2013,Outer Sunset,1804,37.757371905,-122.49582672
2013,Pacific Heights,568,37.79120636,-122.42926788
2013,Panhandle,506,37.77458,-122.44275665
2013,Parkmerced,10,37.717340469999996,-122.47451019
2013,Parkside,572,37.74113846,-122.48990087
2013,Parnassus Heights,96,37.76523209,-122.45307540499999
2013,Peralta Heights,273,37.74728394,-122.40710449
2013,Polk Gulch,620,37.79281235,-122.42040253
2013,Portola,2217,37.72883606,-122.40651703
2013,Potrero Hill,783,37.75462723,-122.40340424
2013,Presidio Heights,83,37.7877655,-122.4500794
2013,Presidio National Park,4,37.799057005,-122.456272125
2013,Presidio Terrace,104,37.785378539999996,-122.46456909
2013,Produce Market,288,37.743224964999996,-122.40042877
2013,Rincon Hill,99,37.78745651,-122.39009094
2013,Russian Hill,1089,37.79946136,-122.41462662
2013,Seacliff,65,37.78368759,-122.48928833
2013,Sherwood Forest,23,37.73838043,-122.457901
2013,Showplace Square,392,37.76958466,-122.40570831
2013,Silver Terrace,786,37.73441315,-122.39466095
2013,South Beach,127,37.78191708,-122.39225769
2013,South of Market,5543,37.7757988,-122.41061401
2013,St. Francis Wood,12,37.739986419999994,-122.46328353999999
2013,St. Mary's Park,377,37.73390198,-122.42611694
2013,Stonestown,44,37.722763945,-122.47489929
2013,Sunnydale,108,37.708992005,-122.42081833
2013,Sunnyside,302,37.73146439,-122.44441986
2013,Sutro Heights,99,37.77933884,-122.50616455
2013,Telegraph Hill,213,37.80087,-122.40576935
2013,Tenderloin,5923,37.78377533,-122.41376495
2013,Treasure Island,10,37.8260975,-122.37441254000001
2013,Union Street,484,37.79898453,-122.43229294
2013,University Mound,176,37.727743145000005,-122.41937256
2013,Upper Market,147,37.7509613,-122.44278717
2013,Visitacion Valley,819,37.7121048,-122.40908813
2013,West Portal,97,37.7408905,-122.4699707
2013,Western Addition,744,37.778596879999995,-122.439447875
2013,Westwood Highlands,8,37.732717515000004,-122.457134245
2013,Westwood Park,62,37.725473405,-122.45653534
2013,Yerba Buena Island,2,37.80949685,-122.36558176
2014,Alamo Square,395,37.77520551,-122.43508693
2014,Anza Vista,59,37.78086141,-122.44092212
2014,Apparel City,163,37.73832321,-122.40564692
2014,Aquatic Park / Ft. Mason,55,37.80528515,-122.42253876
2014,Ashbury Heights,127,37.76382923,-122.44929652
2014,Balboa Terrace,20,37.73069402,-122.46668243
2014,Bayview,1795,37.7346652,-122.38923937
2014,Bernal Heights,1655,37.74381256,-122.41891237
2014,Bret Harte,490,37.720832720000004,-122.39260902
2014,Buena Vista,401,37.7705288,-122.44005015
2014,Candlestick Point SRA,19,37.71728175,-122.39110018
2014,Castro,528,37.76239004,-122.43294815499999
2014,Cathedral Hill,828,37.78533396,-122.42349973
2014,Cayuga,523,37.72032518,-122.44111855
2014,Central Waterfront,359,37.75038197,-122.38957757
2014,Chinatown,707,37.79434586,-122.40648862
2014,Civic Center,2312,37.77871932,-122.418433
2014,Clarendon Heights,106,37.75664972,-122.44465132
2014,Cole Valley,300,37.76826609,-122.44977077499999
2014,Corona Heights,150,37.76407893,-122.43682242
2014,Cow Hollow,99,37.79807597,-122.4428301
2014,Crocker Amazon,575,37.71337059,-122.43983459
2014,Diamond Heights,61,37.74361038,-122.43963336
2014,Dogpatch,177,37.76042557,-122.38929634
2014,Dolores Heights,969,37.75549002,-122.42530486
2014,Downtown / Union Square,786,37.78898574,-122.40658898000001
2014,Duboce Triangle,1507,37.76943802,-122.43025999
2014,Eureka Valley,466,37.759497685,-122.440134715
2014,Excelsior,1059,37.72196423,-122.43274435
2014,Fairmount,196,37.73986053,-122.42715735
2014,Financial District,516,37.79166196,-122.399770665
2014,Fisherman's Wharf,174,37.80689101,-122.41470337
2014,Forest Hill,67,37.74899588,-122.46236109
2014,Forest Knolls,44,37.75709159,-122.4603136
2014,Glen Park,158,37.73434839,-122.434239015
2014,Golden Gate Heights,385,37.75189865,-122.473526
2014,Golden Gate Park,395,37.77180365,-122.47990562
2014,Haight Ashbury,950,37.77021027,-122.44857849
2014,Hayes Valley,889,37.77582169,-122.42616668
2014,Holly Park,671,37.73740518,-122.42362294
2014,Hunters Point,270,37.728231429999994,-122.381859545
2014,India Basin,65,37.73918971,-122.37701195
2014,Ingleside,588,37.72185135,-122.45620753
2014,Ingleside Terraces,55,37.72553424,-122.46531677
2014,Inner Richmond,2293,37.780372,-122.4682943
2014,Inner Sunset,758,37.763685385,-122.46729357
2014,Japantown,225,37.78595147,-122.43154907
2014,Laguna Honda,52,37.74322636,-122.45872944
2014,Lake Street,97,37.78497696,-122.48090413
2014,Lakeshore,71,37.72959518,-122.4937208
2014,Laurel Heights / Jordan Park,175,37.78332474,-122.45317105
2014,Lincoln Park / Ft. Miley,4,37.77944367,-122.51330126
2014,Little Hollywood,94,37.71217898,-122.39976813499999
2014,Lone Mountain,420,37.777202425,-122.453834395
2014,Lower Haight,1974,37.772709705,-122.43043306
2014,Lower Nob Hill,2102,37.78781649,-122.41618375499999
2014,Lower Pacific Heights,464,37.785484995000004,-122.44123694000001
2014,Marina,812,37.801887230000006,-122.433494535
2014,McLaren Park,59,37.72015988,-122.41246964
2014,Merced Heights,583,37.71217662,-122.46693638
2014,Merced Manor,42,37.732272725,-122.47442272
2014,Midtown Terrace,34,37.749042715,-122.44814682
2014,Mint Hill,498,37.77126953,-122.42485046
2014,Miraloma Park,105,37.74106155,-122.44967961
2014,Mission,11323,37.76120245,-122.41671753
2014,Mission Bay,158,37.772189355,-122.396744
2014,Mission Dolores,3066,37.76389814,-122.42410432
2014,Mission Terrace,882,37.72977448,-122.43129493
2014,Monterey Heights,5,37.73218889,-122.46293999
2014,Mt. Davidson Manor,73,37.72618162,-122.46092029
2014,Nob Hill,1970,37.793734405,-122.41429774
2014,Noe Valley,763,37.74866281,-122.43040195
2014,North Beach,2044,37.79905708,-122.40682084
2014,Northern Waterfront,120,37.799397955,-122.40123846
2014,Oceanview,639,37.71619034,-122.454653
2014,Outer Mission,383,37.71032333,-122.45360862
2014,Outer Richmond,1929,37.77840805,-122.49009639
2014,Outer Sunset,2420,37.75754525,-122.496802205
2014,Pacific Heights,695,37.79152166,-122.42787579
2014,Panhandle,794,37.77452936,-122.44279005
2014,Parkmerced,14,37.714694725,-122.4725731
2014,Parkside,737,37.742388,-122.48747823
2014,Parnassus Heights,133,37.76497818,-122.454216
2014,Peralta Heights,280,37.74777603,-122.40689619
2014,Polk Gulch,811,37.79302979,-122.42068822
2014,Portola,2589,37.72917134,-122.40621129
2014,Potrero Hill,992,37.75509453,-122.40338921
2014,Presidio Heights,77,37.78816407,-122.45201587
2014,Presidio National Park,6,37.795424865,-122.45256123
2014,Presidio Terrace,104,37.78540051,-122.46466782499999
2014,Produce Market,385,37.7436398,-122.39949799
2014,Rincon Hill,125,37.78710003,-122.39085388
2014,Russian Hill,1391,37.79914946,-122.41468048
2014,Seacliff,63,37.78476782,-122.48747785
2014,Sherwood Forest,19,37.7372086,-122.45890442
2014,Showplace Square,459,37.76951836,-122.40570831
2014,Silver Terrace,706,37.73441119,-122.394532075
2014,South Beach,233,37.78157489,-122.39251305
2014,South of Market,9177,37.77593865,-122.41109957
2014,St. Francis Wood,12,37.739617805,-122.46297998
2014,St. Mary's Park,378,37.73413658,-122.42593384
2014,Stonestown,78,37.72665973,-122.47489929
2014,Sunnydale,104,37.70969391,-122.42087095
2014,Sunnyside,472,37.731457315,-122.446202005
2014,Sutro Heights,164,37.779543770000004,-122.50491487
2014,Telegraph Hill,263,37.80083466,-122.40602591
2014,Tenderloin,7276,37.783745405000005,-122.41395569
2014,Treasure Island,16,37.82379029,-122.37439128
2014,Union Street,747,37.79915619,-122.43220464
2014,University Mound,226,37.72668457,-122.41861156
2014,Upper Market,227,37.75157166,-122.44322205
2014,Visitacion Valley,949,37.71215057,-122.407569
2014,West Portal,145,37.74084926,-122.46831016
2014,Western Addition,900,37.778745515,-122.4375695
2014,Westwood Highlands,3,37.73223087,-122.45742467
2014,Westwood Park,57,37.72526093,-122.45653534
2015,Alamo Square,380,37.775556890000004,-122.43518709
2015,Anza Vista,96,37.780610255,-122.44118373500001
2015,Apparel City,467,37.73956421,-122.40574646
2015,Aquatic Park / Ft. Mason,76,37.80526649,-122.422711875
2015,Ashbury Heights,199,37.76399594,-122.44892933
2015,Balboa Terrace,16,37.730459215,-122.46625821
2015,Bayview,2646,37.735749999999996,-122.3904775
2015,Bernal Heights,2100,37.743148704999996,-122.41848828
2015,Bret Harte,507,37.72080647,-122.39376831
2015,Buena Vista,545,37.77012568,-122.44054413
2015,Candlestick Point SRA,19,37.7172699,-122.39160156
2015,Castro,800,37.76213652,-122.433212425
2015,Cathedral Hill,977,37.78475189,-122.42372894
2015,Cayuga,700,37.72034243,-122.4411758
2015,Central Waterfront,297,37.75020382,-122.39014746
2015,Chinatown,657,37.79437363,-122.40666962
2015,Civic Center,2462,37.77872086,-122.41867414000001
2015,Clarendon Heights,137,37.75674057,-122.44348833
2015,Cole Valley,544,37.76674219,-122.44917911499999
2015,Corona Heights,196,37.76413155,-122.436969135
2015,Cow Hollow,151,37.79832458,-122.4426497
2015,Crocker Amazon,807,37.71288193,-122.43982
2015,Diamond Heights,76,37.74360673,-122.43883473
2015,Dogpatch,298,37.760255895,-122.390288485
2015,Dolores Heights,995,37.7557844,-122.42518616
2015,Downtown / Union Square,888,37.78906102,-122.40735909
2015,Duboce Triangle,1362,37.768579165,-122.43023498
2015,Eureka Valley,660,37.759376875,-122.44004143
2015,Excelsior,1741,37.72136793,-122.43200632
2015,Fairmount,162,37.74046151,-122.426894445
2015,Financial District,639,37.79148865,-122.40014648
2015,Fisherman's Wharf,177,37.80691147,-122.41538552
2015,Forest Hill,64,37.75065012,-122.46258545
2015,Forest Knolls,65,37.75761779,-122.46182527
2015,Glen Park,163,37.7343448,-122.43414307
2015,Golden Gate Heights,398,37.752645635,-122.47244672
2015,Golden Gate Park,379,37.77175491,-122.48633449
2015,Haight Ashbury,1035,37.77009055,-122.44709934
2015,Hayes Valley,1065,37.77591778,-122.42616668
2015,Holly Park,755,37.73740768,-122.42378235
2015,Hunters Point,322,37.728111999999996,-122.38162527
2015,India Basin,56,37.740178369999995,-122.37826723
2015,Ingleside,608,37.72185135,-122.4561336
2015,Ingleside Terraces,78,37.725440745,-122.465512005
2015,Inner Richmond,2389,37.78087792,-122.46854591
2015,Inner Sunset,791,37.76331954,-122.46711731
2015,Japantown,278,37.78624725,-122.43120575
2015,Laguna Honda,59,37.74392008,-122.45828247
2015,Lake Street,138,37.784790459999996,-122.48336185
2015,Lakeshore,65,37.73040767,-122.49428128
2015,Laurel Heights / Jordan Park,135,37.78384667,-122.4524105
2015,Lincoln Park / Ft. Miley,9,37.78129766,-122.5083337
2015,Little Hollywood,222,37.71206353,-122.400115965
2015,Lone Mountain,361,37.77694833,-122.45317251
2015,Lower Haight,1524,37.773351500000004,-122.4299798
2015,Lower Nob Hill,2941,37.78778458,-122.41804303
2015,Lower Pacific Heights,458,37.78543033,-122.440895335
2015,Marina,1073,37.80210795,-122.43654633
2015,McLaren Park,58,37.72265851,-122.41249486
2015,Merced Heights,784,37.71343497,-122.46709442
2015,Merced Manor,46,37.73234219,-122.474734095
2015,Midtown Terrace,61,37.74837112,-122.44841766
2015,Mint Hill,580,37.77118695,-122.42449181
2015,Miraloma Park,107,37.74119009,-122.45141667
2015,Mission,16460,37.76274872,-122.41759103499999
2015,Mission Bay,240,37.77302925,-122.395577805
2015,Mission Dolores,3563,37.76396622,-122.42384574
2015,Mission Terrace,1034,37.72934614,-122.43225873
2015,Monterey Heights,6,37.732105255,-122.46149424000001
2015,Mt. Davidson Manor,82,37.725932845,-122.46094707
2015,Nob Hill,2423,37.79322188,-122.41550433
2015,Noe Valley,1002,37.74866281,-122.430179855
2015,North Beach,2426,37.79857254,-122.40633235499999
2015,Northern Waterfront,171,37.79930164,-122.40033471
2015,Oceanview,761,37.71618965,-122.45565319
2015,Outer Mission,476,37.71032098,-122.453844655
2015,Outer Richmond,2651,37.77930832,-122.49182505
2015,Outer Sunset,2970,37.757474275,-122.49738312
2015,Pacific Heights,934,37.7917035,-122.426402765
2015,Panhandle,804,37.77456665,-122.44382476999999
2015,Parkmerced,18,37.71519718,-122.47591791
2015,Parkside,882,37.74243631,-122.48702535
2015,Parnassus Heights,206,37.764808785,-122.453644715
2015,Peralta Heights,296,37.74782181,-122.40689619
2015,Polk Gulch,924,37.79306273,-122.42079408500001
2015,Portola,3814,37.729047175,-122.40591074
2015,Potrero Hill,1575,37.7547456,-122.403414
2015,Presidio Heights,91,37.7880689,-122.44985199
2015,Presidio National Park,17,37.79490958,-122.44902377
2015,Presidio Terrace,122,37.7855382,-122.46477647
2015,Produce Market,440,37.74348811,-122.40007632999999
2015,Rincon Hill,227,37.78684998,-122.39097304
2015,Russian Hill,1629,37.79934897,-122.41490071
2015,Seacliff,86,37.783900455,-122.488338855
2015,Sherwood Forest,20,37.737568055,-122.45890442
2015,Showplace Square,770,37.76958466,-122.405270575
2015,Silver Terrace,1062,37.734861365,-122.394331
2015,South Beach,311,37.78216775,-122.392842
2015,South of Market,11457,37.77560806,-122.41167909
2015,St. Francis Wood,9,37.73868614,-122.46503707
2015,St. Mary's Park,464,37.733902035,-122.42593384
2015,Stonestown,43,37.72442511,-122.47351837
2015,Sunnydale,116,37.70935729,-122.421139495
2015,Sunnyside,561,37.73137862,-122.44654846
2015,Sutro Heights,308,37.77917232,-122.504918785
2015,Telegraph Hill,368,37.80086254,-122.406055635
2015,Tenderloin,6114,37.7838459,-122.41401977
2015,Treasure Island,7,37.82543086,-122.36809901
2015,Union Street,770,37.798946375,-122.43111704
2015,University Mound,295,37.72736702,-122.41928409
2015,Upper Market,224,37.75157166,-122.442783355
2015,Visitacion Valley,1358,37.712292500000004,-122.40647894
2015,West Portal,174,37.740526735,-122.46771304
2015,Western Addition,1004,37.779103895000006,-122.43643795
2015,Westwood Highlands,7,37.73164131,-122.45427233
2015,Westwood Park,68,37.72508183,-122.45615203
2015,Yerba Buena Island,1,37.80964974,-122.36344479
2016,Alamo Square,441,37.775908,-122.43505276
2016,Anza Vista,156,37.780936,-122.44088577
2016,Apparel City,828,37.739163340000005,-122.405485685
2016,Aquatic Park / Ft. Mason,151,37.80528515,-122.42365491
2016,Ashbury Heights,303,37.7640376,-122.44760027
2016,Balboa Terrace,33,37.7287101,-122.46668142
2016,Bayview,4567,37.7364282,-122.38993
2016,Bernal Heights,2674,37.74380112,-122.41873875
2016,Bret Harte,763,37.72058819,-122.39298248
2016,Buena Vista,777,37.77016683,-122.44168743
2016,Candlestick Point SRA,61,37.71176,-122.39261627
2016,Castro,1732,37.76254596,-122.432922405
2016,Cathedral Hill,1528,37.78487741,-122.42404913
2016,Cayuga,991,37.720337,-122.440354
2016,Central Waterfront,669,37.75011802,-122.3901751
2016,Chinatown,5592,37.795042,-122.4067375
2016,Civic Center,3172,37.77871932,-122.41822815
2016,Clarendon Heights,161,37.75663757,-122.44425918
2016,Cole Valley,724,37.7667282,-122.44952882999999
2016,Corona Heights,308,37.76366974,-122.4375495
2016,Cow Hollow,212,37.798238995,-122.44251700000001
2016,Crocker Amazon,861,37.71273915,-122.4401275
2016,Diamond Heights,88,37.74316095,-122.43810472
2016,Dogpatch,330,37.760091215,-122.38922008
2016,Dolores Heights,1489,37.75530303,-122.42510223
2016,Downtown / Union Square,1666,37.789022615,-122.40686798
2016,Duboce Triangle,1866,37.7679935,-122.43020677499999
2016,Eureka Valley,805,37.75926246,-122.43914737
2016,Excelsior,2492,37.722016499999995,-122.4323329
2016,Fairmount,218,37.7399025,-122.427705535
2016,Financial District,1134,37.791420134999996,-122.39994936
2016,Fisherman's Wharf,369,37.8067579,-122.41509895
2016,Forest Hill,52,37.75079129,-122.46224126999999
2016,Forest Knolls,71,37.75691759,-122.46179458
2016,Glen Park,229,37.73402786,-122.4342025
2016,Golden Gate Heights,549,37.75298284,-122.47244544
2016,Golden Gate Park,720,37.77167831,-122.48419189
2016,Haight Ashbury,1450,37.770136895,-122.44756705
2016,Hayes Valley,1566,37.775803305,-122.4258781
2016,Holly Park,821,37.73740768,-122.42375183
2016,Hunters Point,770,37.727688095000005,-122.3823735
2016,India Basin,112,37.74019088,-122.37826723
2016,Ingleside,937,37.72184203,-122.45716337
2016,Ingleside Terraces,109,37.72554352,-122.46439559
2016,Inner Richmond,3586,37.78101042,-122.46829224
2016,Inner Sunset,1370,37.76361242,-122.46811498
2016,Japantown,414,37.78630423,-122.43120461000001
2016,Laguna Honda,55,37.74533844,-122.45865132
2016,Lake Street,228,37.784621645,-122.48105553
2016,Lakeshore,144,37.7187636,-122.48977809
2016,Laurel Heights / Jordan Park,156,37.78387738,-122.453407075
2016,Lincoln Park / Ft. Miley,40,37.778415300000006,-122.51443481
2016,Little Hollywood,211,37.712274,-122.39907837
2016,Lone Mountain,623,37.7770462,-122.45336021
2016,Lower Haight,1923,37.77324643,-122.429168
2016,Lower Nob Hill,3745,37.78771058,-122.41636077
2016,Lower Pacific Heights,689,37.785545,-122.44073088
2016,Marina,1431,37.80180286,-122.4368181
2016,McLaren Park,83,37.72024907,-122.418452
2016,Merced Heights,596,37.71426393,-122.46621142500001
2016,Merced Manor,68,37.732302275,-122.47376964
2016,Midtown Terrace,75,37.74837112,-122.44944883
2016,Mint Hill,669,37.77126953,-122.424503
2016,Miraloma Park,104,37.7401545,-122.44886893500001
2016,Mission,21386,37.763002900000004,-122.416689035
2016,Mission Bay,666,37.772179025,-122.39635375
2016,Mission Dolores,3360,37.763999815,-122.42510605
2016,Mission Terrace,1210,37.729458245000004,-122.432995805
2016,Monterey Heights,7,37.73254206,-122.459495
2016,Mt. Davidson Manor,79,37.72615836,-122.46125936
2016,Nob Hill,3714,37.793431260000006,-122.41348046499999
2016,Noe Valley,1070,37.74868093,-122.4297285
2016,North Beach,3270,37.799029315,-122.40774885
2016,Northern Waterfront,288,37.79953131,-122.39913145
2016,Oceanview,892,37.7161419,-122.45605469
2016,Outer Mission,821,37.71032333,-122.45317784
2016,Outer Richmond,5207,37.77930754,-122.493456
2016,Outer Sunset,4075,37.75746431,-122.49787903
2016,Pacific Heights,1321,37.79143,-122.42580414
2016,Panhandle,1164,37.77459126,-122.443353
2016,Parkmerced,42,37.714694725,-122.47681283
2016,Parkside,1151,37.742322,-122.48708893
2016,Parnassus Heights,315,37.76521572,-122.45433236
2016,Peralta Heights,435,37.74755478,-122.40689619
2016,Polk Gulch,1613,37.79265142,-122.42093729
2016,Portola,5085,37.728689,-122.40575189
2016,Potrero Hill,3714,37.7531965,-122.40389
2016,Presidio Heights,159,37.78776,-122.44985019
2016,Presidio National Park,33,37.79496301,-122.45562561
2016,Presidio Terrace,153,37.7854622,-122.464772
2016,Produce Market,882,37.743126625,-122.40001157
2016,Rincon Hill,737,37.78685127,-122.39085294
2016,Russian Hill,2395,37.79937744,-122.41468048
2016,Seacliff,130,37.78368757,-122.49036407
2016,Sherwood Forest,22,37.738212375,-122.457149055
2016,Showplace Square,1223,37.769374,-122.40542709
2016,Silver Terrace,1993,37.73567,-122.396413
2016,South Beach,556,37.78237136,-122.391330965
2016,South of Market,15127,37.77625486,-122.41109224
2016,St. Francis Wood,19,37.73854258,-122.46550751
2016,St. Mary's Park,471,37.73423998,-122.42591858
2016,Stonestown,114,37.72699047,-122.47489929
2016,Sunnydale,138,37.70927489,-122.42096329
2016,Sunnyside,776,37.731200645,-122.44538807500001
2016,Sutro Heights,623,37.77933703,-122.50466155
2016,Telegraph Hill,491,37.80086287,-122.40629003
2016,Tenderloin,8750,37.783931365,-122.41394806
2016,Treasure Island,11,37.82618131,-122.37145028
2016,Union Street,1018,37.79868949,-122.43220464
2016,University Mound,372,37.728020810000004,-122.41929094
2016,Upper Market,306,37.75157199,-122.443225025
2016,Visitacion Valley,1958,37.7123685,-122.40618948
2016,West Portal,223,37.74104245,-122.46984308
2016,Western Addition,1454,37.779096485,-122.43760825
2016,Westwood Highlands,7,37.7330246,-122.45454407
2016,Westwood Park,79,37.72466876,-122.4564122
2016,Yerba Buena Island,1,37.81425207,-122.37083483
2017,Alamo Square,633,37.77613831,-122.43486023
2017,Anza Vista,228,37.780648985,-122.44096133
2017,Apparel City,1172,37.738989000000004,-122.405097
2017,Aquatic Park / Ft. Mason,199,37.80528641,-122.42298889
2017,Ashbury Heights,381,37.76413186,-122.44748553
2017,Balboa Terrace,32,37.731611655,-122.467793105
2017,Bayview,6933,37.736046,-122.38979699
2017,Bernal Heights,2770,37.743984999999995,-122.41862935
2017,Bret Harte,1157,37.72097778,-122.39222824
2017,Buena Vista,952,37.76964948,-122.4423893
2017,Candlestick Point SRA,116,37.71116257,-122.38981404500001
2017,Castro,1532,37.762303255000006,-122.433888795
2017,Cathedral Hill,2437,37.78284373,-122.42388866
2017,Cayuga,1967,37.72034454,-122.44024599
2017,Central Waterfront,1181,37.750592,-122.39004016
2017,Chinatown,5179,37.79527165,-122.406743
2017,Civic Center,3649,37.77883703,-122.41878667
2017,Clarendon Heights,170,37.756606775,-122.44464465
2017,Cole Valley,993,37.7667282,-122.4495697
2017,Corona Heights,433,37.76329803,-122.43679667
2017,Cow Hollow,343,37.7982921,-122.4426497
2017,Crocker Amazon,1022,37.712804965000004,-122.44034825
2017,Diamond Heights,137,37.743557,-122.43794373
2017,Dogpatch,627,37.759755,-122.38925078
2017,Dolores Heights,1684,37.7557844,-122.42520339500001
2017,Downtown / Union Square,2562,37.789049160000005,-122.406395515
2017,Duboce Triangle,2137,37.76913833,-122.43019104
2017,Eureka Valley,1013,37.75943135,-122.43900036
2017,Excelsior,3750,37.72123718,-122.43231214
2017,Fairmount,273,37.73917596,-122.42757976
2017,Financial District,1596,37.791944485,-122.399271055
2017,Fisherman's Wharf,615,37.8067579,-122.41520966
2017,Forest Hill,93,37.75071716,-122.462198
2017,Forest Knolls,65,37.75494003,-122.45952
2017,Glen Park,311,37.73433304,-122.43415827
2017,Golden Gate Heights,663,37.75319322,-122.47177887
2017,Golden Gate Park,856,37.771635865,-122.48526001
2017,Haight Ashbury,1524,37.77017103,-122.44767763499999
2017,Hayes Valley,2265,37.775941,-122.4254134
2017,Holly Park,982,37.73740768,-122.4238366
2017,Hunters Point,836,37.727317674999995,-122.38232422
2017,India Basin,176,37.73921894,-122.376965825
2017,Ingleside,1145,37.721827,-122.4561336
2017,Ingleside Terraces,129,37.725357,-122.46460072
2017,Inner Richmond,4070,37.780922385,-122.46856416
2017,Inner Sunset,1601,37.76369457,-122.4676001
2017,Japantown,582,37.785888785,-122.43086790000001
2017,Laguna Honda,69,37.74561401,-122.45790543
2017,Lake Street,257,37.78497895,-122.48289068
2017,Lakeshore,161,37.73019667,-122.49054718
2017,Laurel Heights / Jordan Park,321,37.78392029,-122.45289674
2017,Lincoln Park / Ft. Miley,85,37.77841568,-122.51443481
2017,Little Hollywood,235,37.71217898,-122.399345
2017,Lone Mountain,820,37.776961205,-122.453665
2017,Lower Haight,2385,37.773245,-122.42906715
2017,Lower Nob Hill,4973,37.787918,-122.41537363
2017,Lower Pacific Heights,937,37.78563625,-122.440104
2017,Marina,1676,37.80176544,-122.43704633
2017,McLaren Park,98,37.71875268,-122.416249565
2017,Merced Heights,974,37.71278007,-122.46689365
2017,Merced Manor,101,37.73211971,-122.473655
2017,Midtown Terrace,85,37.74788173,-122.44860107
2017,Mint Hill,956,37.771366150000006,-122.42425636
2017,Miraloma Park,129,37.74082918,-122.45043407
2017,Mission,20662,37.762066655,-122.41647917
2017,Mission Bay,833,37.77368995,-122.39430092
2017,Mission Dolores,3450,37.764077065,-122.42537086
2017,Mission Terrace,1771,37.7287951,-122.4316646
2017,Monterey Heights,9,37.73428806,-122.46078491
2017,Mt. Davidson Manor,115,37.72569765,-122.4614668
2017,Nob Hill,4685,37.79361725,-122.413954
2017,Noe Valley,1383,37.7497912,-122.42991414
2017,North Beach,4037,37.799105,-122.40802765
2017,Northern Waterfront,465,37.79953003,-122.39913145
2017,Oceanview,1175,37.7161419,-122.455702
2017,Outer Mission,1031,37.71032333,-122.45372445
2017,Outer Richmond,4708,37.779364265,-122.49228431
2017,Outer Sunset,4544,37.757447944999996,-122.4970715
2017,Pacific Heights,1804,37.79211431,-122.425815585
2017,Panhandle,1475,37.77454822,-122.4440155
2017,Parkmerced,57,37.71469498,-122.47472251
2017,Parkside,1465,37.74236909,-122.48818
2017,Parnassus Heights,365,37.76523134,-122.45416121
2017,Peralta Heights,348,37.747435,-122.406897345
2017,Polk Gulch,2216,37.79304207,-122.420812525
2017,Portola,6004,37.72848892,-122.40560674
2017,Potrero Hill,5141,37.753019,-122.404063
2017,Presidio Heights,192,37.78757993,-122.45011902
2017,Presidio National Park,50,37.7937433,-122.41653231999999
2017,Presidio Terrace,185,37.7855382,-122.46464941
2017,Produce Market,913,37.743282,-122.399519
2017,Rincon Hill,1000,37.78704453,-122.39020873999999
2017,Russian Hill,2817,37.7992712,-122.41490127
2017,Seacliff,177,37.78368759,-122.49036407
2017,Sherwood Forest,47,37.7373079,-122.45669713
2017,Showplace Square,1991,37.769544,-122.4045173
2017,Silver Terrace,2522,37.735986999999994,-122.396769645
2017,South Beach,1031,37.78194029,-122.39105747
2017,South of Market,17773,37.77626676,-122.41040039
2017,St. Francis Wood,17,37.7373903,-122.465501
2017,St. Mary's Park,716,37.734342600000005,-122.42611464
2017,Stonestown,147,37.726855,-122.47448546
2017,Sunnydale,168,37.709195385,-122.42039650000001
2017,Sunnyside,720,37.731105035,-122.44432261
2017,Sutro Heights,388,37.779414945,-122.504998245
2017,Telegraph Hill,511,37.80088309,-122.40605923
2017,Tenderloin,8606,37.784059694999996,-122.41439281
2017,Treasure Island,12,37.826212935,-122.37389238
2017,Union Street,1055,37.7988751,-122.43143
2017,University Mound,556,37.7286577,-122.419195385
2017,Upper Market,385,37.75150264,-122.44356537
2017,Visitacion Valley,1852,37.712509765,-122.40620277
2017,West Portal,322,37.74124338,-122.47127075
2017,Western Addition,1980,37.77910279,-122.43708387000001
2017,Westwood Highlands,18,37.731918715,-122.45747367000001
2017,Westwood Park,135,37.72488742,-122.45653451
2017,Yerba Buena Island,7,37.77823274,-122.40089555
2018,Alamo Square,771,37.77601694,-122.43486023
2018,Anza Vista,271,37.78097571,-122.440979
2018,Apparel City,1553,37.73915482,-122.405215
2018,Aquatic Park / Ft. Mason,240,37.80549622,-122.42219543
2018,Ashbury Heights,450,37.76412266,-122.44823491
2018,Balboa Terrace,48,37.730278285,-122.466635715
2018,Bayview,6793,37.73548032,-122.38986206
2018,Bernal Heights,3076,37.74322128,-122.419193335
2018,Bret Harte,1283,37.72074127,-122.393231
2018,Buena Vista,1123,37.76986313,-122.44237518
2018,Candlestick Point SRA,117,37.713884,-122.3906176
2018,Castro,1871,37.76228352,-122.43392944
2018,Cathedral Hill,3476,37.782714275000004,-122.423725875
2018,Cayuga,1795,37.72028457,-122.44051865
2018,Central Waterfront,1602,37.75002289,-122.38999176
2018,Chinatown,3491,37.79445267,-122.40679065
2018,Civic Center,4044,37.778656005,-122.419535455
2018,Clarendon Heights,153,37.75663757,-122.4446907
2018,Cole Valley,1263,37.76683044,-122.4499588
2018,Corona Heights,520,37.76328659,-122.437045555
2018,Cow Hollow,347,37.79824665,-122.442276
2018,Crocker Amazon,1085,37.71265809,-122.44009511
2018,Diamond Heights,143,37.74327469,-122.43862152
2018,Dogpatch,646,37.75817108,-122.38973966500001
2018,Dolores Heights,1867,37.75635186,-122.42571445
2018,Downtown / Union Square,4196,37.78898621,-122.4060775
2018,Duboce Triangle,2660,37.769147135,-122.4303274
2018,Eureka Valley,1252,37.759235079999996,-122.43943438
2018,Excelsior,4098,37.721562605,-122.43205261
2018,Fairmount,357,37.73908997,-122.42716517
2018,Financial District,3080,37.79164886,-122.39957547
2018,Fisherman's Wharf,815,37.80678177,-122.41524506
2018,Forest Hill,67,37.74848557,-122.4623591
2018,Forest Knolls,76,37.755603789999995,-122.45971295000001
2018,Glen Park,356,37.734505315,-122.434159
2018,Golden Gate Heights,806,37.754119360000004,-122.47189866
2018,Golden Gate Park,770,37.77149582,-122.48419189
2018,Haight Ashbury,2070,37.770126945,-122.44748290999999
2018,Hayes Valley,2467,37.77611542,-122.42510333
2018,Holly Park,1141,37.73750022,-122.4238366
2018,Hunters Point,1074,37.727616985,-122.381697
2018,India Basin,216,37.7362709,-122.37791203500001
2018,Ingleside,1401,37.7218399,-122.45609
2018,Ingleside Terraces,153,37.72524469,-122.46523412
2018,Inner Richmond,4665,37.78068161,-122.46769714
2018,Inner Sunset,2769,37.76381652,-122.46731567
2018,Japantown,733,37.78598265,-122.430702
2018,Laguna Honda,88,37.745568500000005,-122.45739746
2018,Lake Street,354,37.78537211,-122.48094268
2018,Lakeshore,287,37.72335509,-122.48845
2018,Laurel Heights / Jordan Park,434,37.783924105,-122.452527475
2018,Lincoln Park / Ft. Miley,38,37.77841568,-122.51443481
2018,Little Hollywood,324,37.712258905,-122.399490215
2018,Lone Mountain,1020,37.77735421,-122.45378203
2018,Lower Haight,2449,37.773188,-122.4296963
2018,Lower Nob Hill,5410,37.78796,-122.41645822999999
2018,Lower Pacific Heights,1133,37.78577404,-122.43978119
2018,Marina,1963,37.80151603,-122.43682534
2018,McLaren Park,65,37.721745,-122.41558075
2018,Merced Heights,1251,37.71391678,-122.466498
2018,Merced Manor,81,37.73216636,-122.47442564
2018,Midtown Terrace,82,37.7496867,-122.44963455
2018,Mint Hill,1003,37.77136502,-122.42424774
2018,Miraloma Park,168,37.7411794,-122.449754875
2018,Mission,25334,37.76161957,-122.41709895
2018,Mission Bay,1169,37.77573,-122.39407436
2018,Mission Dolores,5174,37.763527935,-122.42500305
2018,Mission Terrace,2224,37.7287858,-122.4299652
2018,Monterey Heights,5,37.73183896,-122.46142578
2018,Mt. Davidson Manor,176,37.725949005000004,-122.46219635
2018,Nob Hill,4442,37.793092255000005,-122.41580963
2018,Noe Valley,1290,37.747280520000004,-122.42902869
2018,North Beach,4058,37.799525515,-122.408111785
2018,Northern Waterfront,683,37.7998848,-122.400023
2018,Oceanview,1463,37.71588898,-122.45610103
2018,Outer Mission,1024,37.71047211,-122.45241425
2018,Outer Richmond,4867,37.77927788,-122.48887634
2018,Outer Sunset,6374,37.75872793,-122.4957061
2018,Pacific Heights,2563,37.79202323,-122.42542267
2018,Panhandle,1811,37.7746095,-122.44439369
2018,Parkmerced,95,37.71464167,-122.47782833
2018,Parkside,1683,37.74174881,-122.49060117
2018,Parnassus Heights,383,37.76515558,-122.45442959
2018,Peralta Heights,479,37.7474313,-122.40710449
2018,Polk Gulch,2513,37.79313844,-122.421122
2018,Portola,7407,37.72888947,-122.40560913
2018,Potrero Hill,5561,37.752987,-122.403829
2018,Presidio Heights,219,37.7877655,-122.44979968
2018,Presidio National Park,39,37.79204346,-122.46954092
2018,Presidio Terrace,271,37.785923,-122.46461445
2018,Produce Market,1377,37.74366262,-122.400322
2018,Rincon Hill,1508,37.787421965,-122.38987732
2018,Russian Hill,3037,37.79961629,-122.41502702
2018,Seacliff,126,37.783702794999996,-122.49036407
2018,Sherwood Forest,32,37.739676945,-122.458164145
2018,Showplace Square,1722,37.7695425,-122.4018635
2018,Silver Terrace,2738,37.735827715,-122.39841461
2018,South Beach,2347,37.782287,-122.38964844
2018,South of Market,21340,37.776749675000005,-122.41015228500001
2018,St. Francis Wood,23,37.73923492,-122.46501577
2018,St. Mary's Park,764,37.7342548,-122.4262035
2018,Stonestown,163,37.72634167,-122.47485352
2018,Sunnydale,163,37.70954784,-122.42042542
2018,Sunnyside,652,37.73118973,-122.4448755
2018,Sutro Heights,260,37.77901797,-122.50601959
2018,Telegraph Hill,558,37.80084606,-122.40602087
2018,Tenderloin,7854,37.784201,-122.41439056
2018,Treasure Island,7,37.82502365,-122.367983
2018,Union Street,1383,37.79894638,-122.43170321
2018,University Mound,972,37.72878265,-122.41873169
2018,Upper Market,508,37.751193560000004,-122.4429418
2018,Visitacion Valley,2076,37.712224905,-122.40598297
2018,West Portal,304,37.741599895,-122.47140315
2018,Western Addition,2582,37.779102345,-122.4376297
2018,Westwood Highlands,16,37.73230743,-122.45526123
2018,Westwood Park,173,37.72441585,-122.45654541
2018,Yerba Buena Island,1,37.8132215,-122.371016
2019,Alamo Square,928,37.77574096,-122.43513953
2019,Anza Vista,395,37.78104782,-122.44095612
2019,Apparel City,1364,37.739152015,-122.40511155
2019,Aquatic Park / Ft. Mason,250,37.805320185,-122.42306137
2019,Ashbury Heights,371,37.76402664,-122.44797516
2019,Balboa Terrace,30,37.730450515,-122.46759385
2019,Bayview,7040,37.73534823,-122.38979928
2019,Bernal Heights,3217,37.7434832,-122.4188385
2019,Bret Harte,1331,37.72028868,-122.39302826
2019,Buena Vista,1317,37.77034378,-122.44179535
2019,Candlestick Point SRA,140,37.714605500000005,-122.390185285
2019,Castro,2591,37.76228304,-122.43403007
2019,Cathedral Hill,4449,37.78294043,-122.4230656
2019,Cayuga,2133,37.72008487,-122.44082506
2019,Central Waterfront,1246,37.75002289,-122.38919067
2019,Chinatown,3005,37.79515239,-122.40655886
2019,Civic Center,4593,37.778594,-122.42
2019,Clarendon Heights,201,37.75662244,-122.446399
2019,Cole Valley,1477,37.76700592,-122.45033264
2019,Corona Heights,663,37.7632809,-122.43686676
2019,Cow Hollow,354,37.798119255,-122.442295205
2019,Crocker Amazon,1291,37.71242905,-122.4405365
2019,Diamond Heights,173,37.74334305,-122.43772194
2019,Dogpatch,624,37.75838309,-122.389577385
2019,Dolores Heights,2690,37.756242115,-122.425218395
2019,Downtown / Union Square,3738,37.78875701,-122.406293165
2019,Duboce Triangle,3443,37.76907182,-122.43018583
2019,Eureka Valley,1206,37.7592548,-122.438667175
2019,Excelsior,4329,37.72181473,-122.43241119
2019,Fairmount,405,37.7387668,-122.42695618
2019,Financial District,2841,37.7918503,-122.40017
2019,Fisherman's Wharf,920,37.807039225,-122.4156189
2019,Forest Hill,144,37.74874101,-122.46325100499999
2019,Forest Knolls,76,37.75702667,-122.46107483
2019,Glen Park,483,37.73460388,-122.43423724
2019,Golden Gate Heights,802,37.753195930000004,-122.4717936
2019,Golden Gate Park,1134,37.771474839999996,-122.48186766500001
2019,Haight Ashbury,2514,37.76995907,-122.44712842999999
2019,Hayes Valley,3060,37.77617739,-122.425529585
2019,Holly Park,1104,37.737478100000004,-122.42383575
2019,Hunters Point,1341,37.72773935,-122.38067907
2019,India Basin,263,37.73396342,-122.37687943
2019,Ingleside,1470,37.72184753,-122.45701668000001
2019,Ingleside Terraces,207,37.72517085,-122.46507263
2019,Inner Richmond,6226,37.78073502,-122.4675575
2019,Inner Sunset,2540,37.76380157,-122.467288415
2019,Japantown,988,37.78626333,-122.430926175
2019,Laguna Honda,96,37.744820895000004,-122.459127095
2019,Lake Street,439,37.78459049,-122.4804748
2019,Lakeshore,261,37.72819507,-122.49134064
2019,Laurel Heights / Jordan Park,584,37.78394318,-122.452319685
2019,Lincoln Park / Ft. Miley,66,37.77841568,-122.51443481
2019,Little Hollywood,420,37.71218109,-122.3997
2019,Lone Mountain,1333,37.77719357,-122.45405524
2019,Lower Haight,2761,37.77316966,-122.42934242
2019,Lower Nob Hill,5807,37.78810536,-122.4160277
2019,Lower Pacific Heights,1483,37.78561074,-122.43849945
2019,Marina,2401,37.80176544,-122.43632507
2019,McLaren Park,92,37.72152587,-122.41246796
2019,Merced Heights,1442,37.7127369,-122.466779935
2019,Merced Manor,160,37.732242485,-122.47436109
2019,Midtown Terrace,102,37.74938289,-122.44885888
2019,Mint Hill,1313,37.77134323,-122.42457569
2019,Miraloma Park,233,37.74176591,-122.45064545
2019,Mission,30131,37.75978233,-122.41725333
2019,Mission Bay,1094,37.77311977,-122.39289328500001
2019,Mission Dolores,6228,37.76390114,-122.42545326
2019,Mission Terrace,2430,37.728711685,-122.43119049
2019,Monterey Heights,16,37.73399109,-122.46144167
2019,Mt. Davidson Manor,240,37.725827135,-122.46230316
2019,Nob Hill,5065,37.79305,-122.41566
2019,Noe Valley,1467,37.74801254,-122.42941387
2019,North Beach,4489,37.80008733,-122.40844163
2019,Northern Waterfront,581,37.79981667,-122.4002244
2019,Oceanview,1862,37.71490479,-122.45617067500001
2019,Outer Mission,1187,37.71047172,-122.45355988
2019,Outer Richmond,6787,37.77831126,-122.48864746
2019,Outer Sunset,6121,37.75909424,-122.49613394
2019,Pacific Heights,2640,37.79171381,-122.42884879
2019,Panhandle,2490,37.774530205000005,-122.4435245
2019,Parkmerced,61,37.71476167,-122.47697
2019,Parkside,1742,37.742139480000006,-122.489733715
2019,Parnassus Heights,442,37.76511566,-122.45441024499999
2019,Peralta Heights,537,37.74723816,-122.40670455
2019,Polk Gulch,2866,37.793478035,-122.42096789
2019,Portola,8578,37.72805786,-122.40509033
2019,Potrero Hill,5893,37.753179,-122.40342
2019,Presidio Heights,324,37.787778855,-122.450314915
2019,Presidio National Park,53,37.79837799,-122.45638275
2019,Presidio Terrace,422,37.785739340000006,-122.464924685
2019,Produce Market,1715,37.74382116,-122.40188599
2019,Rincon Hill,836,37.787220085,-122.38987016
2019,Russian Hill,3534,37.799890930000004,-122.41478112
2019,Seacliff,148,37.7841185,-122.49024352
2019,Sherwood Forest,53,37.73703694,-122.4559018
2019,Showplace Square,827,37.76940918,-122.40583038
2019,Silver Terrace,3016,37.73643494,-122.398448305
2019,South Beach,1324,37.782181695000006,-122.390186175
2019,South of Market,20899,37.77674209,-122.41061401
2019,St. Francis Wood,22,37.7370224,-122.465614405
2019,St. Mary's Park,733,37.7338145,-122.42676999
2019,Stonestown,160,37.72626687,-122.47455492
2019,Sunnydale,267,37.709935,-122.42010498
2019,Sunnyside,730,37.731363294999994,-122.44441223
2019,Sutro Heights,441,37.77901459,-122.5062101
2019,Telegraph Hill,764,37.80083915,-122.40600875
2019,Tenderloin,8022,37.78414154,-122.4144364
2019,Treasure Island,6,37.82507406,-122.37373937
2019,Union Street,1487,37.79880142,-122.4307964
2019,University Mound,969,37.72878265,-122.41873169
2019,Upper Market,652,37.7513137,-122.443006545
2019,Visitacion Valley,3247,37.71220863,-122.40651554
2019,West Portal,362,37.7407755,-122.47023773
2019,Western Addition,3218,37.778909585,-122.438313165
2019,Westwood Highlands,16,37.731987950000004,-122.45604459500001
2019,Westwood Park,200,37.72437142,-122.45652820000001
2019,Yerba Buena Island,2,37.81189728,-122.36268616
2020,Alamo Square,1104,37.775680935,-122.43466949
2020,Anza Vista,549,37.78045674,-122.44110981
2020,Apparel City,1344,37.73884842,-122.40501283500001
2020,Aquatic Park / Ft. Mason,280,37.80528641,-122.423582175
2020,Ashbury Heights,663,37.76413525,-122.4473779
2020,Balboa Terrace,32,37.730739445,-122.466835025
2020,Bayview,8295,37.73523113,-122.38955358
2020,Bernal Heights,3639,37.74335098,-122.4173931
2020,Bret Harte,1804,37.72056198,-122.393184855
2020,Buena Vista,1552,37.77056257,-122.44179535
2020,Candlestick Point SRA,317,37.71466446,-122.38895125
2020,Castro,2674,37.76240195,-122.4333717
2020,Cathedral Hill,4454,37.782706655,-122.42350006
2020,Cayuga,2558,37.72034454,-122.44065276500001
2020,Central Waterfront,966,37.749775435000004,-122.38919067
2020,Chinatown,2500,37.79511668,-122.40673349
2020,Civic Center,3811,37.7791748,-122.42
2020,Clarendon Heights,406,37.75648964,-122.44645099
2020,Cole Valley,2149,37.7669538,-122.45018419
2020,Corona Heights,606,37.763214364999996,-122.43643435999999
2020,Cow Hollow,597,37.79836063,-122.44126892
2020,Crocker Amazon,1573,37.71257782,-122.44074113
2020,Diamond Heights,206,37.74363819,-122.43818384
2020,Dogpatch,686,37.76009444,-122.389626255
2020,Dolores Heights,3951,37.75542833,-122.42357384
2020,Downtown / Union Square,1326,37.78863144,-122.40715062999999
2020,Duboce Triangle,3641,37.76851391,-122.43087833
2020,Eureka Valley,1613,37.759374,-122.4385258
2020,Excelsior,4878,37.72131341,-122.4327774
2020,Fairmount,573,37.73927167,-122.42670588
2020,Financial District,1724,37.79223108,-122.40014648
2020,Fisherman's Wharf,815,37.80714997,-122.41545777
2020,Forest Hill,92,37.748368115000005,-122.46217267
2020,Forest Knolls,150,37.756930685,-122.46098536
2020,Glen Park,468,37.734566415,-122.4341583
2020,Golden Gate Heights,1185,37.753135,-122.47300833
2020,Golden Gate Park,1666,37.771542260000004,-122.48419189
2020,Haight Ashbury,3664,37.76988268,-122.44758318000001
2020,Hayes Valley,3486,37.776037145000004,-122.42510986
2020,Holly Park,1451,37.73748256,-122.4238359
2020,Hunters Point,1663,37.72778702,-122.38169098
2020,India Basin,430,37.73366547,-122.37692683
2020,Ingleside,2024,37.721832495,-122.45626557
2020,Ingleside Terraces,216,37.72527313,-122.46629529500001
2020,Inner Richmond,8988,37.780835405,-122.46829224
2020,Inner Sunset,3267,37.76380157,-122.4673123
2020,Japantown,1323,37.78607796,-122.4310379
2020,Laguna Honda,113,37.7453089,-122.457671
2020,Lake Street,643,37.78461933,-122.4792176
2020,Lakeshore,373,37.72958374,-122.49338039
2020,Laurel Heights / Jordan Park,949,37.78382492,-122.45240784
2020,Lincoln Park / Ft. Miley,56,37.784087565,-122.50448234
2020,Little Hollywood,432,37.713044935,-122.399022065
2020,Lone Mountain,1873,37.77961647,-122.45303228
2020,Lower Haight,3786,37.77334185,-122.430266115
2020,Lower Nob Hill,7455,37.78814316,-122.41553643
2020,Lower Pacific Heights,1736,37.78566742,-122.43926239
2020,Marina,3460,37.801578004999996,-122.43648055
2020,McLaren Park,133,37.72265607,-122.41248529
2020,Merced Heights,2041,37.71287078,-122.4665965
2020,Merced Manor,141,37.73239112,-122.4768658
2020,Midtown Terrace,117,37.74825668,-122.44785234
2020,Mint Hill,1315,37.77134323,-122.42476621
2020,Miraloma Park,360,37.742420405000004,-122.45076380500001
2020,Mission,32047,37.75834,-122.41755676
2020,Mission Bay,960,37.77190787,-122.39183807
2020,Mission Dolores,6216,37.76444167,-122.42568503999999
2020,Mission Terrace,2256,37.729181595,-122.43221686
2020,Monterey Heights,7,37.73263246,-122.46142578
2020,Mt. Davidson Manor,158,37.72593493,-122.46230316
2020,Nob Hill,6331,37.79344965,-122.4156047
2020,Noe Valley,2005,37.74902725,-122.42982056
2020,North Beach,4130,37.799933155,-122.40861511
2020,Northern Waterfront,371,37.79995645,-122.4005367
2020,Oceanview,2318,37.714711050000005,-122.45614560499999
2020,Outer Mission,1603,37.71047211,-122.45232391
2020,Outer Richmond,11201,37.77767563,-122.48929702
2020,Outer Sunset,7956,37.7579689,-122.49697425
2020,Pacific Heights,3273,37.79125569,-122.4304322
2020,Panhandle,3284,37.77443586,-122.44377097
2020,Parkmerced,83,37.71484667,-122.47569167
2020,Parkside,2629,37.74257644,-122.487131
2020,Parnassus Heights,606,37.76503642,-122.45444925000001
2020,Peralta Heights,495,37.74742889,-122.40760701
2020,Polk Gulch,3708,37.793425889999995,-122.42108917
2020,Portola,10096,37.72841644,-122.40568254
2020,Potrero Hill,7150,37.753112195,-122.40338132
2020,Presidio Heights,398,37.787537645,-122.45135551
2020,Presidio National Park,72,37.794866639999995,-122.468340215
2020,Presidio Terrace,697,37.78632629,-122.46474933
2020,Produce Market,1390,37.743439565,-122.400028435
2020,Rincon Hill,851,37.78717404,-122.39110742
2020,Russian Hill,4331,37.79955292,-122.415162
2020,Seacliff,229,37.78391662,-122.48928833
2020,Sherwood Forest,99,37.73684667,-122.45416251
2020,Showplace Square,1147,37.76981013,-122.4057907
2020,Silver Terrace,4197,37.736613,-122.39781189
2020,South Beach,741,37.78140608,-122.39238683
2020,South of Market,15244,37.77726716,-122.40940205499999
2020,St. Francis Wood,43,37.73985894,-122.46374512
2020,St. Mary's Park,917,37.73400474,-122.4265753
2020,Stonestown,169,37.72590256,-122.47363295
2020,Sunnydale,299,37.70961761,-122.42017365
2020,Sunnyside,988,37.73000309,-122.4446605
2020,Sutro Heights,795,37.77704239,-122.50935547
2020,Telegraph Hill,618,37.80098724,-122.40498356
2020,Tenderloin,7882,37.78430176,-122.41461963
2020,Treasure Island,16,37.8243176,-122.371993965
2020,Union Street,2465,37.7988728,-122.43202041
2020,University Mound,1243,37.72878265,-122.41873169
2020,Upper Market,836,37.751371975,-122.44307651
2020,Visitacion Valley,2734,37.7125044,-122.40685683000001
2020,West Portal,385,37.74122098,-122.47016185
2020,Western Addition,4035,37.77887624,-122.43847858
2020,Westwood Highlands,14,37.73254585,-122.45529175
2020,Westwood Park,241,37.72438431,-122.45526037
2020,Yerba Buena Island,1,37.81189728,-122.36268616
2021,Alamo Square,1017,37.7757613,-122.434295
2021,Anza Vista,519,37.78091532,-122.44109709
2021,Apparel City,1329,37.73953636,-122.40538155
2021,Aquatic Park / Ft. Mason,307,37.80549622,-122.42324829
2021,Ashbury Heights,487,37.76427167,-122.44733629
2021,Balboa Terrace,32,37.730112105,-122.46671634500001
2021,Bayview,8741,37.73601036,-122.3898915
2021,Bernal Heights,3439,37.74240356,-122.4172835
2021,Bret Harte,1474,37.72079765,-122.39376714
2021,Buena Vista,1408,37.770422964999995,-122.44192884
2021,Candlestick Point SRA,369,37.71116257,-122.38916215
2021,Castro,2716,37.761834379999996,-122.43407511500001
2021,Cathedral Hill,4685,37.78293028,-122.42320558
2021,Cayuga,2249,37.72022049,-122.44107764
2021,Central Waterfront,1141,37.74951511,-122.3888592
2021,Chinatown,2942,37.79528603,-122.406590325
2021,Civic Center,4123,37.77825165,-122.4199459
2021,Clarendon Heights,312,37.75654582,-122.44623196500001
2021,Cole Valley,1301,37.76691375,-122.4499632
2021,Corona Heights,533,37.76296258,-122.43601226
2021,Cow Hollow,584,37.79831593,-122.44206425
2021,Crocker Amazon,1317,37.71199799,-122.44135603
2021,Diamond Heights,210,37.74345109,-122.438039645
2021,Dogpatch,614,37.760323400000004,-122.38970268
2021,Dolores Heights,3550,37.75566897,-122.42288971
2021,Downtown / Union Square,1469,37.7887394,-122.40755289
2021,Duboce Triangle,2517,37.76920772,-122.430666
2021,Eureka Valley,1529,37.75966481,-122.438125
2021,Excelsior,4282,37.72204553,-122.432265065
2021,Fairmount,428,37.739183409999995,-122.427287045
2021,Financial District,1339,37.79239905,-122.39995575
2021,Fisherman's Wharf,1108,37.80716324,-122.41551179
2021,Forest Hill,108,37.748738745,-122.46210496
2021,Forest Knolls,110,37.755707735,-122.45974414
2021,Glen Park,478,37.734462935,-122.43393628999999
2021,Golden Gate Heights,1149,37.75240984,-122.47302778
2021,Golden Gate Park,1571,37.77188492,-122.48003316
2021,Haight Ashbury,3036,37.770086039999995,-122.44758895000001
2021,Hayes Valley,3467,37.77640819,-122.42503577
2021,Holly Park,1288,37.737477760000004,-122.4239111
2021,Hunters Point,3479,37.72733244,-122.38314159
2021,India Basin,385,37.73677349,-122.37811279
2021,Ingleside,1828,37.721851415,-122.45600891
2021,Ingleside Terraces,160,37.725312215,-122.465319975
2021,Inner Richmond,8376,37.780782005000006,-122.46936035
2021,Inner Sunset,3042,37.76375198,-122.46725079
2021,Japantown,1682,37.7859992,-122.43094805
2021,Laguna Honda,95,37.7442948,-122.45697021
2021,Lake Street,700,37.784582605,-122.47883501999999
2021,Lakeshore,444,37.725296035,-122.489571185
2021,Laurel Heights / Jordan Park,940,37.78371272,-122.45122531999999
2021,Lincoln Park / Ft. Miley,40,37.78170395,-122.50037384
2021,Little Hollywood,447,37.7123182,-122.39945967
2021,Lone Mountain,1607,37.78021971,-122.45174469
2021,Lower Haight,3123,37.7733537,-122.4291948
2021,Lower Nob Hill,13381,37.78817842,-122.41617625
2021,Lower Pacific Heights,1753,37.7857934,-122.43877411
2021,Marina,3053,37.8012377,-122.43622779
2021,McLaren Park,98,37.71972719,-122.41327218
2021,Merced Heights,1624,37.714209415,-122.46641771
2021,Merced Manor,152,37.73235321,-122.47462455499999
2021,Midtown Terrace,110,37.748325550000004,-122.450133885
2021,Mint Hill,882,37.77159367,-122.42486195500001
2021,Miraloma Park,241,37.74034834,-122.45017242
2021,Mission,40623,37.75747563,-122.41907439
2021,Mission Bay,840,37.772010885,-122.39183807
2021,Mission Dolores,5123,37.7632828,-122.42509602
2021,Mission Terrace,2263,37.72928238,-122.43222635
2021,Monterey Heights,19,37.73278046,-122.46166167
2021,Mt. Davidson Manor,180,37.72588539,-122.46163064
2021,Nob Hill,5454,37.793074794999995,-122.415932445
2021,Noe Valley,2244,37.749447495,-122.42979485000001
2021,North Beach,3476,37.799818605,-122.40855583999999
2021,Northern Waterfront,404,37.7998342,-122.40057373
2021,Oceanview,2021,37.71490479,-122.45608267
2021,Outer Mission,1392,37.71057174,-122.4519577
2021,Outer Richmond,8560,37.77948328,-122.48777435
2021,Outer Sunset,7845,37.75759209,-122.498319
2021,Pacific Heights,2872,37.791783644999995,-122.42972624999999
2021,Panhandle,2293,37.77430939,-122.4437589
2021,Parkmerced,74,37.71469498,-122.47563961
2021,Parkside,2643,37.74250014,-122.48748951
2021,Parnassus Heights,394,37.76493073,-122.45438539
2021,Peralta Heights,370,37.7476288,-122.40738678
2021,Polk Gulch,3960,37.79320145,-122.42118066500001
2021,Portola,9849,37.72772117,-122.40533385
2021,Potrero Hill,4981,37.7531314,-122.40346167
2021,Presidio Heights,383,37.7874561,-122.4518721
2021,Presidio National Park,67,37.798145,-122.4679552
2021,Presidio Terrace,409,37.786037,-122.46485138
2021,Produce Market,1669,37.74314487,-122.40101552
2021,Rincon Hill,913,37.78661352,-122.39270833
2021,Russian Hill,3743,37.79989887,-122.41570889
2021,Seacliff,253,37.78384899,-122.48842621
2021,Sherwood Forest,103,37.73685134,-122.45494527
2021,Showplace Square,1522,37.7700597,-122.40558919
2021,Silver Terrace,3466,37.734843375,-122.39543524999999
2021,South Beach,740,37.7815627,-122.39208954
2021,South of Market,16816,37.777955590000005,-122.40894664
2021,St. Francis Wood,41,37.74004364,-122.46374512
2021,St. Mary's Park,914,37.7338808,-122.42659416999999
2021,Stonestown,159,37.72630953,-122.47419724
2021,Sunnydale,263,37.70969391,-122.42008209
2021,Sunnyside,748,37.731359479999995,-122.44458994499999
2021,Sutro Heights,481,37.77903366,-122.5062677
2021,Telegraph Hill,425,37.80089044,-122.4049917
2021,Tenderloin,10321,37.78420555,-122.41438171
2021,Treasure Island,16,37.82425755,-122.37062717
2021,Union Street,2226,37.7990161,-122.43220324
2021,University Mound,1092,37.72877448,-122.41822252
2021,Upper Market,613,37.75080416,-122.44302475
2021,Visitacion Valley,2104,37.712366564999996,-122.406825905
2021,West Portal,410,37.74065018,-122.469164785
2021,Western Addition,3466,37.77921056,-122.43755082
2021,Westwood Highlands,8,37.732506315,-122.45651245
2021,Westwood Park,223,37.72457123,-122.45661926
2021,Yerba Buena Island,3,37.81189728,-122.36551475
2022,Alamo Square,1142,37.775634014999994,-122.43440256
2022,Anza Vista,565,37.7807988,-122.4405832
2022,Apparel City,1219,37.7392737,-122.4050792
2022,Aquatic Park / Ft. Mason,298,37.80492015,-122.422197675
2022,Ashbury Heights,507,37.76422833,-122.44729383
2022,Balboa Terrace,39,37.7300138,-122.46694183
2022,Bayview,9928,37.732177289999996,-122.38900264
2022,Bernal Heights,4111,37.7416862,-122.41581661
2022,Bret Harte,2341,37.72097132,-122.39100985
2022,Buena Vista,1492,37.7701443,-122.44197315
2022,Candlestick Point SRA,446,37.71159994,-122.38828025000001
2022,Castro,2819,37.76187669,-122.43362286
2022,Cathedral Hill,4613,37.78268422,-122.4227909
2022,Cayuga,2698,37.718963529999996,-122.44053686
2022,Central Waterfront,1214,37.75002289,-122.38874054
2022,Chinatown,3425,37.7952415,-122.40646928
2022,Civic Center,5941,37.77831925,-122.42023252
2022,Clarendon Heights,311,37.75646816,-122.44470786
2022,Cole Valley,1451,37.76690342,-122.4499058
2022,Corona Heights,428,37.763269615,-122.43625
2022,Cow Hollow,620,37.798401165,-122.44241333
2022,Crocker Amazon,1537,37.71226167,-122.43788182
2022,Diamond Heights,218,37.743301009999996,-122.437960465
2022,Dogpatch,915,37.75990307,-122.38981378
2022,Dolores Heights,2573,37.75528878,-122.42306519
2022,Downtown / Union Square,1958,37.78812439,-122.407271225
2022,Duboce Triangle,2649,37.76914322,-122.4308487
2022,Eureka Valley,1529,37.75933838,-122.43811977
2022,Excelsior,4441,37.7211635,-122.4318433
2022,Fairmount,474,37.738936609999996,-122.42662816
2022,Financial District,1190,37.791704445,-122.39642240500001
2022,Fisherman's Wharf,866,37.806328315,-122.413757875
2022,Forest Hill,116,37.747975295,-122.46284431000001
2022,Forest Knolls,130,37.75475934,-122.45969185
2022,Glen Park,556,37.734011195,-122.433854705
2022,Golden Gate Heights,1126,37.75051895,-122.47135925
2022,Golden Gate Park,1539,37.77035333,-122.47886372
2022,Haight Ashbury,4893,37.77003588,-122.44738833
2022,Hayes Valley,4431,37.77643095,-122.4247757
2022,Holly Park,1199,37.73741082,-122.4237975
2022,Hunters Point,4022,37.72702857,-122.38289562
2022,India Basin,468,37.73298647,-122.37697985
2022,Ingleside,2047,37.72182209,-122.4553204
2022,Ingleside Terraces,152,37.725254129999996,-122.46333517
2022,Inner Richmond,8622,37.77890333,-122.46533
2022,Inner Sunset,2821,37.76318359,-122.46630859
2022,Japantown,1865,37.78517425,-122.43109008
2022,Laguna Honda,161,37.7442932,-122.4568474
2022,Lake Street,664,37.784485825,-122.48020538
2022,Lakeshore,574,37.715679030000004,-122.489511255
2022,Laurel Heights / Jordan Park,775,37.7832574,-122.4499108
2022,Lincoln Park / Ft. Miley,38,37.783229205,-122.50037384
2022,Little Hollywood,482,37.711675389999996,-122.39836614500001
2022,Lone Mountain,1558,37.777150545,-122.451306675
2022,Lower Haight,3139,37.7732089,-122.42914014
2022,Lower Nob Hill,13754,37.78808703,-122.41555610500001
2022,Lower Pacific Heights,1798,37.785100875,-122.435686285
2022,Marina,3100,37.800880175,-122.43562581500001
2022,McLaren Park,92,37.720155115,-122.412473395
2022,Merced Heights,1760,37.714056,-122.46683695
2022,Merced Manor,184,37.732278359999995,-122.474036445
2022,Midtown Terrace,123,37.74799185,-122.44877887
2022,Mint Hill,934,37.77150609500001,-122.42422528
2022,Miraloma Park,234,37.73993478,-122.44945627499999
2022,Mission,42606,37.75868335,-122.418328325
2022,Mission Bay,868,37.77184474,-122.39277902500001
2022,Mission Dolores,4968,37.76313399,-122.42387519
2022,Mission Terrace,1978,37.728813,-122.430940575
2022,Monterey Heights,22,37.734521869999995,-122.46157837
2022,Mt. Davidson Manor,230,37.725957005,-122.46133731
2022,Nob Hill,5035,37.7924026,-122.41563879
2022,Noe Valley,2177,37.74836789,-122.42924864
2022,North Beach,4070,37.799222005000004,-122.40822513
2022,Northern Waterfront,554,37.799654419999996,-122.400911365
2022,Oceanview,1943,37.7140853,-122.4551624
2022,Outer Mission,1713,37.71030771,-122.4505764
2022,Outer Richmond,8048,37.77890467,-122.487113
2022,Outer Sunset,9584,37.75784111,-122.488916555
2022,Pacific Heights,2717,37.79112336,-122.42757182
2022,Panhandle,3031,37.77416729,-122.44300172
2022,Parkmerced,92,37.714586780000005,-122.47445601499999
2022,Parkside,3093,37.7425979,-122.48415872
2022,Parnassus Heights,434,37.764544875,-122.45436432
2022,Peralta Heights,450,37.746400605000005,-122.40679763
2022,Polk Gulch,3658,37.792135204999994,-122.42068481
2022,Portola,8106,37.7265912,-122.40465006
2022,Potrero Hill,4257,37.75343333,-122.40316764
2022,Presidio Heights,358,37.7873552,-122.44898259
2022,Presidio National Park,80,37.799596745,-122.45625554
2022,Presidio Terrace,267,37.7855421,-122.4644545
2022,Produce Market,1210,37.7430434,-122.4003785
2022,Rincon Hill,717,37.78662789,-122.39138824
2022,Russian Hill,3606,37.799562449999996,-122.415010775
2022,Seacliff,278,37.78378949499999,-122.48849368
2022,Sherwood Forest,91,37.73707186,-122.4560973
2022,Showplace Square,1624,37.770164975,-122.4056576
2022,Silver Terrace,3947,37.73436551,-122.3943041
2022,South Beach,695,37.78155188,-122.3910932
2022,South of Market,17620,37.77761404,-122.40875922000001
2022,St. Francis Wood,37,37.7372359,-122.46462584
2022,St. Mary's Park,935,37.73352611,-122.426781
2022,Stonestown,200,37.72138947,-122.472558135
2022,Sunnydale,212,37.70919418,-122.418513305
2022,Sunnyside,763,37.73111505,-122.4444
2022,Sutro Heights,495,37.7789734,-122.50586344
2022,Telegraph Hill,523,37.8007198,-122.40456731
2022,Tenderloin,11048,37.783733,-122.414160055
2022,Treasure Island,9,37.82613217,-122.3705788
2022,Union Street,2109,37.7983414,-122.43046898
2022,University Mound,869,37.72862473,-122.41626486
2022,Upper Market,704,37.7500315,-122.4427518
2022,Visitacion Valley,2533,37.7118701,-122.4066923
2022,West Portal,437,37.73989999,-122.4679315
2022,Western Addition,4862,37.779460025,-122.43373026
2022,Westwood Highlands,18,37.731958545,-122.45754606
2022,Westwood Park,272,37.72426009,-122.456224865
2022,Yerba Buena Island,2,37.813223144999995,-122.371024355
2023,Alamo Square,2135,37.77587215,-122.43262977
2023,Anza Vista,945,37.78039888,-122.44215059
2023,Apparel City,961,37.73899549,-122.40457942
2023,Aquatic Park / Ft. Mason,1154,37.80525877,-122.42343097
2023,Ashbury Heights,926,37.76344258,-122.450422
2023,Balboa Terrace,121,37.73137705,-122.4685756
2023,Bayview,8187,37.73419843,-122.38807772
2023,Bernal Heights,5101,37.7412213,-122.41621389
2023,Bret Harte,1645,37.71999325,-122.39007225
2023,Buena Vista,1672,37.770081645000005,-122.439819445
2023,Candlestick Point SRA,326,37.711110935,-122.387985835
2023,Castro,3405,37.76143176,-122.43491804
2023,Cathedral Hill,5894,37.78250763,-122.4241254
2023,Cayuga,2679,37.71899869,-122.4411889
2023,Central Waterfront,1044,37.749852860000004,-122.389160455
2023,Chinatown,8246,37.79529878,-122.40700504
2023,Civic Center,5858,37.77819039,-122.419736855
2023,Clarendon Heights,351,37.75659295,-122.4451453
2023,Cole Valley,2107,37.76654037,-122.45016227
2023,Corona Heights,592,37.763379745,-122.43576963999999
2023,Cow Hollow,568,37.79689626,-122.439233995
2023,Crocker Amazon,2011,37.7103773,-122.438854
2023,Diamond Heights,226,37.74370322,-122.4381019
2023,Dogpatch,1042,37.76054138,-122.38913696
2023,Dolores Heights,2687,37.7551943,-122.4233177
2023,Downtown / Union Square,4741,37.78849207,-122.40635
2023,Duboce Triangle,3810,37.76830608,-122.431113885
2023,Eureka Valley,1673,37.75934634,-122.4372052
2023,Excelsior,5749,37.7213196,-122.43274033
2023,Fairmount,659,37.7383818,-122.42558017
2023,Financial District,6322,37.79220657,-122.39894928
2023,Fisherman's Wharf,2678,37.80689189,-122.4155949
2023,Forest Hill,355,37.74800336,-122.459147
2023,Forest Knolls,118,37.752612049999996,-122.4592627
2023,Glen Park,661,37.73410277,-122.4334686
2023,Golden Gate Heights,1253,37.74524849,-122.4703839
2023,Golden Gate Park,1516,37.766629455,-122.46587461499999
2023,Haight Ashbury,6251,37.76985761,-122.44834424
2023,Hayes Valley,4874,37.77623792,-122.42526816
2023,Holly Park,1681,37.73753625,-122.4238646
2023,Hunters Point,3042,37.726883325,-122.3829901
2023,India Basin,362,37.74102408,-122.3822708
2023,Ingleside,2460,37.721911425,-122.456140225
2023,Ingleside Terraces,157,37.72287181,-122.4629782
2023,Inner Richmond,14190,37.78054065,-122.46520314
2023,Inner Sunset,6266,37.76380887,-122.46633081
2023,Japantown,2312,37.78606228,-122.431365895
2023,Laguna Honda,211,37.7455661,-122.4565131
2023,Lake Street,755,37.7843377,-122.47969139
2023,Lakeshore,762,37.71295141,-122.486158035
2023,Laurel Heights / Jordan Park,2791,37.78485778,-122.45303373
2023,Lincoln Park / Ft. Miley,43,37.78346294,-122.50006631
2023,Little Hollywood,430,37.711145085,-122.39821931
2023,Lone Mountain,2809,37.77813379,-122.45315915
2023,Lower Haight,5218,37.77293435,-122.43056094
2023,Lower Nob Hill,15710,37.787999279999994,-122.41584305
2023,Lower Pacific Heights,3986,37.78520031,-122.43962587
2023,Marina,3577,37.80082159,-122.4316383
2023,McLaren Park,83,37.719103,-122.4127417
2023,Merced Heights,1817,37.7122381,-122.4671396
2023,Merced Manor,200,37.73185832,-122.47253358500001
2023,Midtown Terrace,107,37.7468153,-122.44718204
2023,Mint Hill,1069,37.77194206,-122.42550687
2023,Miraloma Park,549,37.74441484,-122.45307013
2023,Mission,45981,37.75849456,-122.41762008
2023,Mission Bay,1309,37.77189992,-122.392683
2023,Mission Dolores,4850,37.763337825,-122.423658355
2023,Mission Terrace,2566,37.72866499,-122.4302422
2023,Monterey Heights,14,37.73107796,-122.46067226
2023,Mt. Davidson Manor,276,37.725925625,-122.4626023
2023,Nob Hill,6949,37.79173666,-122.4146382
2023,Noe Valley,2902,37.74880972,-122.42949302
2023,North Beach,5459,37.79892101,-122.40809049
2023,Northern Waterfront,2431,37.80058952,-122.39922638
2023,Oceanview,1859,37.7138671,-122.45271651
2023,Outer Mission,1777,37.71026011,-122.4496976
2023,Outer Richmond,12592,37.7765302,-122.488236815
2023,Outer Sunset,17013,37.75660163,-122.48936108
2023,Pacific Heights,6135,37.79085182,-122.43274469
2023,Panhandle,4946,37.773908829999996,-122.444220605
2023,Parkmerced,110,37.71422713,-122.47478296
2023,Parkside,4141,37.74245358,-122.48337623
2023,Parnassus Heights,1074,37.765390069999995,-122.45441551
2023,Peralta Heights,429,37.74581333,-122.40598708
2023,Polk Gulch,4738,37.791724169999995,-122.42078337
2023,Portola,7773,37.72506111,-122.4036562
2023,Potrero Hill,5547,37.75309901,-122.40264885
2023,Presidio Heights,931,37.78709746,-122.44725561
2023,Presidio National Park,65,37.79683112,-122.4549185
2023,Presidio Terrace,578,37.78504434,-122.46481385
2023,Produce Market,983,37.7437722,-122.39979428
2023,Rincon Hill,1240,37.78708217,-122.39297457
2023,Russian Hill,5108,37.8004494,-122.4167048
2023,Seacliff,188,37.78408893,-122.48734643
2023,Sherwood Forest,76,37.73587592,-122.453772035
2023,Showplace Square,1284,37.76973849,-122.4058311
2023,Silver Terrace,2310,37.733675175,-122.392813135
2023,South Beach,2102,37.781054075,-122.39145069
2023,South of Market,23726,37.777263765,-122.40876761499999
2023,St. Francis Wood,77,37.73429769,-122.46464521
2023,St. Mary's Park,1853,37.73387168,-122.42605048
2023,Stonestown,311,37.72684157,-122.47432884
2023,Sunnydale,216,37.708857875,-122.416841
2023,Sunnyside,834,37.73113467,-122.444425255
2023,Sutro Heights,377,37.77736559,-122.50615089
2023,Telegraph Hill,701,37.80083094,-122.40459927
2023,Tenderloin,14597,37.78394705,-122.4144729
2023,Treasure Island,4,0.0,0.0
2023,Union Street,5002,37.79762804,-122.430936195
2023,University Mound,1083,37.7266151,-122.41626486
2023,Upper Market,634,37.7505144,-122.442872705
2023,Visitacion Valley,2677,37.71177972,-122.40616118
2023,West Portal,2115,37.73955209,-122.4673209
2023,Western Addition,7414,37.779333120000004,-122.433626895
2023,Westwood Highlands,12,37.732483425,-122.454628895
2023,Westwood Park,250,37.72419826,-122.456146125
2023,Yerba Buena Island,5,37.81129667,-122.36881333
2024,Alamo Square,373,37.7757222,-122.43358086
2024,Anza Vista,140,37.78039888,-122.44231913499999
2024,Apparel City,187,37.738412,-122.40549734
2024,Aquatic Park / Ft. Mason,156,37.80511497,-122.42212824
2024,Ashbury Heights,189,37.76344258,-122.44982833
2024,Balboa Terrace,45,37.73127,-122.46762714
2024,Bayview,1982,37.73217817,-122.38831032499999
2024,Bernal Heights,868,37.741249775,-122.41599245
2024,Bret Harte,358,37.71999407,-122.39182407
2024,Buena Vista,391,37.76949097,-122.44015364
2024,Candlestick Point SRA,68,37.71105788,-122.388990655
2024,Castro,553,37.76193935,-122.43491804
2024,Cathedral Hill,773,37.78254428,-122.42416745
2024,Cayuga,604,37.718661115,-122.441215605
2024,Central Waterfront,193,37.74575819,-122.38888002
2024,Chinatown,1480,37.79521932,-122.406951135
2024,Civic Center,1119,37.77858981,-122.41965459
2024,Clarendon Heights,95,37.75630733,-122.4451345
2024,Cole Valley,313,37.76653697,-122.45010965
2024,Corona Heights,114,37.763423925,-122.43602708
2024,Cow Hollow,129,37.79718142,-122.44043741
2024,Crocker Amazon,429,37.71018235,-122.43650116
2024,Diamond Heights,54,37.743475065,-122.43773924999999
2024,Dogpatch,139,37.75973344,-122.39022163
2024,Dolores Heights,463,37.75491436,-122.42392
2024,Downtown / Union Square,472,37.78746099,-122.40543465
2024,Duboce Triangle,721,37.76786529,-122.43140627
2024,Eureka Valley,313,37.75930483,-122.43717902
2024,Excelsior,1056,37.721664695,-122.43294188
2024,Fairmount,149,37.73811169,-122.42578783
2024,Financial District,897,37.79202888,-122.39968143
2024,Fisherman's Wharf,293,37.80678444,-122.4155949
2024,Forest Hill,93,37.74800336,-122.459147
2024,Forest Knolls,22,37.75192824,-122.459027735
2024,Glen Park,114,37.733643,-122.43251011000001
2024,Golden Gate Heights,306,37.743441805,-122.47037136
2024,Golden Gate Park,242,37.76642234,-122.45326577
2024,Haight Ashbury,943,37.76984339,-122.44868472
2024,Hayes Valley,993,37.7760965,-122.42554494
2024,Holly Park,261,37.737366,-122.4238646
2024,Hunters Point,498,37.726899335,-122.38287643
2024,India Basin,100,37.74236766,-122.38423923
2024,Ingleside,458,37.721892354999994,-122.45608552
2024,Ingleside Terraces,45,37.724186,-122.46524
2024,Inner Richmond,2633,37.779121,-122.46458875
2024,Inner Sunset,1150,37.76371747,-122.46633081
2024,Japantown,418,37.786064210000006,-122.43025581
2024,Laguna Honda,48,37.74304,-122.4573365
2024,Lake Street,110,37.78429980999999,-122.478683
2024,Lakeshore,142,37.71282422,-122.48509075000001
2024,Laurel Heights / Jordan Park,513,37.78564685,-122.45303373
2024,Lincoln Park / Ft. Miley,14,37.7838574,-122.50452946499999
2024,Little Hollywood,69,37.71231572,-122.398643
2024,Lone Mountain,614,37.77880212,-122.45315915
2024,Lower Haight,1065,37.77279186,-122.43044921
2024,Lower Nob Hill,2887,37.78780018,-122.41625618
2024,Lower Pacific Heights,601,37.78513732,-122.43954577
2024,Marina,628,37.800923510000004,-122.43306765
2024,McLaren Park,12,37.71601871,-122.411678635
2024,Merced Heights,373,37.71184031,-122.467163
2024,Merced Manor,49,37.7314456,-122.47214021
2024,Midtown Terrace,28,37.74762653,-122.447321975
2024,Mint Hill,233,37.77174042,-122.42471162
2024,Miraloma Park,115,37.74441484,-122.45307013
2024,Mission,6656,37.758637495,-122.41661424
2024,Mission Bay,259,37.77180875,-122.39330308
2024,Mission Dolores,950,37.763370865,-122.423412635
2024,Mission Terrace,490,37.729168,-122.4296069
2024,Monterey Heights,12,37.73065,-122.46014302500001
2024,Mt. Davidson Manor,61,37.7260601,-122.46273
2024,Nob Hill,1424,37.791834755,-122.414836025
2024,Noe Valley,476,37.74802251,-122.42963352000001
2024,North Beach,1078,37.798543795,-122.40819641
2024,Northern Waterfront,289,37.80058952,-122.39948468
2024,Oceanview,355,37.714092,-122.451202
2024,Outer Mission,354,37.71052137,-122.44830905
2024,Outer Richmond,2270,37.777518965,-122.4899634
2024,Outer Sunset,3456,37.757770355000005,-122.488706795
2024,Pacific Heights,999,37.79099649,-122.43017638
2024,Panhandle,998,37.77388,-122.44298162
2024,Parkmerced,24,37.71474851,-122.475615
2024,Parkside,916,37.742480695,-122.48212555500001
2024,Parnassus Heights,219,37.76549108,-122.45441551
2024,Peralta Heights,88,37.74543837,-122.406475135
2024,Polk Gulch,1109,37.79065121,-122.42054897
2024,Portola,1685,37.72512555,-122.40364742
2024,Potrero Hill,1120,37.75309901,-122.40242684500001
2024,Presidio Heights,177,37.78709746,-122.44725561
2024,Presidio National Park,21,37.7980618,-122.4530872
2024,Presidio Terrace,85,37.78504434,-122.46456799
2024,Produce Market,222,37.74436625,-122.400169495
2024,Rincon Hill,266,37.78731095,-122.39322699499999
2024,Russian Hill,1030,37.80011333,-122.41641295
2024,Seacliff,49,37.78411558,-122.48728946
2024,Sherwood Forest,10,0.0,0.0
2024,Showplace Square,324,37.76823599,-122.40557337999999
2024,Silver Terrace,388,37.733228874999995,-122.393649475
2024,South Beach,334,37.78166,-122.39103011
2024,South of Market,4660,37.777106965,-122.40927536
2024,St. Francis Wood,14,37.734039499999994,-122.46305608
2024,St. Mary's Park,211,37.733673,-122.42605048
2024,Stonestown,65,37.72548765,-122.473053
2024,Sunnydale,39,37.70943581,-122.4170647
2024,Sunnyside,217,37.730549,-122.44563979
2024,Sutro Heights,85,37.7771713,-122.50404743
2024,Telegraph Hill,116,37.800341419999995,-122.40419409500001
2024,Tenderloin,2868,37.783682815,-122.41419368
2024,Treasure Island,4,0.0,0.0
2024,Union Street,838,37.79762804,-122.43083747
2024,University Mound,180,37.725380825,-122.414151145
2024,Upper Market,131,37.752023,-122.44294077
2024,Visitacion Valley,716,37.71184009,-122.40657015
2024,West Portal,495,37.73955209,-122.4673209
2024,Western Addition,1323,37.77911862,-122.43389343
2024,Westwood Highlands,9,37.733624,-122.457146
2024,Westwood Park,57,37.72410177,-122.45610639
2024,Yerba Buena Island,2,37.809819235,-122.36625756000001
